ID,rating
0,12.702599
1,7.3055954
2,4.678724
3,4.0761886
4,8.908467
5,16.63779
6,3.2738118
7,6.0857086
8,9.920032
9,9.374416
10,9.475059
11,4.769
12,5.1182823
13,5.591215
14,6.112336
15,3.6387563
16,13.318756
17,9.519545
18,11.182938
19,11.868443
20,11.18014
21,5.082388
22,9.142445
23,2.8144338
24,5.711638
25,5.0813003
26,8.976518
27,7.5844975
28,9.096046
29,3.5472817
30,6.545515
31,3.887318
32,7.388398
33,10.391726
34,2.7908757
35,3.2172508
36,9.090887
37,11.166626
38,3.5129795
39,10.09819
40,3.7588105
41,5.8645906
42,7.092518
43,8.948612
44,1.5831497
45,0.0
46,1.2918448
47,7.3945823
48,5.6823554
49,3.6462405
50,3.591594
51,11.144218
52,11.397942
53,9.553129
54,6.8856635
55,2.9918365
56,3.579414
57,3.9734814
58,11.589348
59,8.036866
60,0.0
61,13.292608
62,1.317797
63,6.003891
64,7.5695505
65,7.465748
66,0.0
67,3.7099907
68,6.1535645
69,4.8093424
70,9.939192
71,4.8128834
72,3.6253176
73,7.668356
74,5.319816
75,0.0
76,12.658039
77,3.3290715
78,0.0
79,4.0570197
80,3.626751
81,8.893426
82,6.3570466
83,8.822107
84,7.467587
85,9.269798
86,7.6477013
87,10.76313
88,7.377949
89,3.277212
90,6.978655
91,8.04534
92,11.0755825
93,10.058483
94,2.4019098
95,4.8245225
96,8.435346
97,9.426687
98,11.195538
99,5.4289484
100,0.0
101,8.988646
102,8.096661
103,9.211602
104,3.7955785
105,8.085986
106,13.620235
107,2.868731
108,9.922176
109,5.593678
110,3.2467647
111,7.788641
112,3.4978027
113,6.4637375
114,12.070629
115,10.076759
116,8.762075
117,7.8453207
118,2.9387426
119,12.531887
120,8.885297
121,13.738628
122,8.9479885
123,10.840929
124,9.461043
125,3.7176352
126,8.161026
127,3.749516
128,5.380304
129,5.4098105
130,10.453356
131,9.34802
132,9.259562
133,10.985626
134,5.4132404
135,0.0
136,8.961472
137,10.897402
138,5.741398
139,7.6002474
140,11.017429
141,10.24983
142,14.336695
143,11.194293
144,9.760574
145,0.0
146,5.1023483
147,4.7751374
148,6.2422857
149,6.1907406
150,8.671541
151,12.527163
152,7.7720575
153,5.3939996
154,3.5369577
155,3.2976193
156,1.8143952
157,9.296856
158,11.284277
159,2.4132037
160,8.207916
161,10.2363825
162,8.05998
163,7.897299
164,5.2990894
165,6.4267635
166,5.5604677
167,12.379393
168,5.3240128
169,9.158249
170,6.1493254
171,0.0
172,2.4397101
173,2.8776152
174,13.149544
175,10.30267
176,3.5275736
177,4.39942
178,6.651989
179,6.38037
180,10.954449
181,8.077368
182,11.021051
183,5.428088
184,3.327199
185,8.394745
186,6.312293
187,3.3004146
188,10.424622
189,7.7373385
190,12.372084
191,8.077707
192,5.1601686
193,12.042635
194,7.50293
195,0.94371533
196,2.6017551
197,9.301347
198,10.81937
199,11.601429
200,10.924101
201,6.17168
202,6.8288546
203,10.443544
204,10.4407425
205,4.774159
206,0.0
207,11.967646
208,1.876975
209,0.0
210,9.591188
211,6.949581
212,12.38616
213,7.747308
214,11.601889
215,2.177332
216,10.341696
217,9.07559
218,5.4126215
219,5.8561583
220,7.829855
221,6.337949
222,8.071617
223,9.74004
224,4.0301266
225,1.920156
226,11.292125
227,7.1643205
228,7.8515453
229,11.130655
230,11.646641
231,7.8598595
232,5.985433
233,4.116403
234,10.815445
235,5.2440767
236,12.879623
237,4.0642343
238,6.359953
239,6.3254075
240,4.516901
241,10.529287
242,14.456125
243,11.793943
244,3.4355965
245,12.636684
246,3.304531
247,13.372166
248,9.233686
249,8.879775
250,3.6475286
251,5.9171143
252,4.688171
253,9.391291
254,4.785883
255,8.847523
256,4.253726
257,10.235352
258,9.837931
259,7.842825
260,8.821375
261,7.0198574
262,0.0
263,9.057837
264,7.058462
265,4.041947
266,6.560831
267,13.382122
268,3.1620731
269,9.284157
270,13.910194
271,9.409582
272,5.324755
273,13.309355
274,7.02709
275,10.337444
276,7.835887
277,3.2842097
278,7.9311075
279,5.404513
280,3.2878988
281,5.4659047
282,0.0
283,10.72984
284,5.2196703
285,9.7367
286,9.306211
287,3.8272722
288,7.9954133
289,6.2276754
290,9.397703
291,6.63939
292,9.232874
293,6.626865
294,5.4490414
295,3.2861736
296,7.8517013
297,9.72213
298,3.1075544
299,4.6571083
300,9.243753
301,4.8423967
302,5.7101865
303,3.3013039
304,1.4994061
305,9.527922
306,7.9176555
307,9.355562
308,5.2951555
309,9.709312
310,11.013216
311,4.4738317
312,7.052101
313,6.2201157
314,6.1155996
315,2.1991801
316,9.552357
317,1.1379793
318,9.618252
319,2.8392227
320,11.704824
321,10.691023
322,11.080339
323,10.745198
324,3.0527296
325,7.767515
326,0.59307337
327,11.109705
328,9.30036
329,12.096233
330,15.972992
331,8.761059
332,6.2168207
333,7.9030414
334,10.316256
335,5.416623
336,0.0
337,6.4129705
338,3.343002
339,8.3706
340,1.9337997
341,7.9550705
342,7.432316
343,7.18503
344,8.016361
345,2.125231
346,9.568493
347,8.095445
348,7.972529
349,7.427788
350,2.9949248
351,9.386757
352,9.036979
353,6.3490286
354,5.8211946
355,8.560529
356,11.490126
357,5.8913326
358,5.792264
359,7.1134915
360,0.0
361,3.9897475
362,7.2814226
363,7.7163496
364,8.01478
365,5.3397417
366,10.528692
367,0.9406431
368,5.3777184
369,11.141194
370,12.273762
371,4.3803244
372,2.2304468
373,14.293486
374,5.792965
375,6.7113924
376,6.0329766
377,12.389465
378,8.878981
379,4.5405264
380,3.505486
381,5.4503546
382,9.059448
383,10.93713
384,10.447953
385,15.987684
386,5.676059
387,6.0653687
388,11.827612
389,5.7573204
390,8.382914
391,6.106126
392,8.712599
393,9.918777
394,7.351652
395,6.475571
396,5.980546
397,8.271299
398,3.7190757
399,3.1512597
400,8.098924
401,7.81948
402,10.973804
403,4.763411
404,2.0711374
405,3.3382616
406,6.124201
407,9.527386
408,0.5693357
409,6.1193705
410,4.0906367
411,11.296204
412,2.4923081
413,4.0893536
414,9.031727
415,2.7418141
416,10.054113
417,7.429367
418,13.849367
419,10.286911
420,5.4773464
421,5.844563
422,2.925867
423,9.958849
424,9.131798
425,10.305327
426,0.0
427,0.0
428,9.271759
429,0.8980644
430,10.456357
431,3.3553667
432,5.6274586
433,11.6668
434,7.027413
435,6.240468
436,8.605736
437,12.615383
438,6.5131516
439,10.937502
440,5.637503
441,2.2444704
442,8.743204
443,11.76063
444,10.856185
445,4.024375
446,3.5865312
447,5.4483337
448,5.894801
449,16.356085
450,1.5459895
451,4.6202736
452,5.4584007
453,6.1663985
454,3.3585825
455,3.5935106
456,10.436697
457,6.6091266
458,3.7083056
459,6.5150223
460,4.144535
461,2.688684
462,3.2840476
463,8.7277355
464,10.112286
465,13.035324
466,1.7604694
467,8.047718
468,8.872472
469,6.7582517
470,3.2822146
471,2.9748945
472,9.195578
473,10.914402
474,9.137644
475,4.4517365
476,7.4325347
477,7.48529
478,6.1745625
479,8.955547
480,6.211478
481,0.0
482,9.156439
483,10.132351
484,5.2818418
485,7.5918245
486,10.5190735
487,3.2139
488,3.1901557
489,8.062241
490,13.922552
491,6.2120733
492,8.03081
493,5.37162
494,3.2731981
495,5.5634704
496,7.179205
497,6.126588
498,8.130697
499,3.2085004
500,12.838984
501,10.409483
502,9.984486
503,8.849403
504,1.4136643
505,4.8181276
506,9.541243
507,11.965694
508,2.8682287
509,6.1160307
510,4.1753497
511,10.161451
512,8.996065
513,9.564075
514,7.7131987
515,15.154974
516,2.6741257
517,6.88543
518,9.247673
519,6.3711176
520,12.448334
521,3.25817
522,13.206783
523,7.8043513
524,6.964014
525,6.971882
526,6.4176016
527,3.004991
528,7.9999685
529,11.012251
530,9.653896
531,4.393514
532,10.50823
533,8.021166
534,1.9734533
535,13.547457
536,9.312525
537,8.098741
538,6.316669
539,5.918236
540,10.005281
541,8.577085
542,11.409147
543,5.8108563
544,3.4984763
545,5.394065
546,12.433626
547,3.8164952
548,6.4815836
549,11.419956
550,7.3298006
551,10.154049
552,9.286613
553,9.579163
554,9.227691
555,12.263247
556,6.430414
557,5.343359
558,13.759996
559,6.583054
560,7.8313007
561,11.283005
562,11.358507
563,7.5533
564,14.882446
565,0.0
566,11.81399
567,11.04282
568,9.470661
569,6.032874
570,3.641526
571,11.425244
572,5.621754
573,8.347031
574,7.2559595
575,12.888781
576,7.960945
577,3.2721484
578,10.851551
579,8.129281
580,11.778097
581,3.5496268
582,6.075614
583,9.48362
584,10.8020115
585,8.107223
586,10.299614
587,6.2551394
588,6.62272
589,7.717857
590,4.812645
591,9.621651
592,4.796724
593,6.9806566
594,11.354359
595,6.0894103
596,4.0081363
597,3.787554
598,7.647667
599,6.007188
600,3.516913
601,5.5598965
602,9.02247
603,9.326068
604,7.651369
605,14.787754
606,1.362082
607,3.281958
608,2.1799316
609,3.230778
610,7.6706
611,9.232943
612,9.576699
613,4.379223
614,8.826124
615,2.1448789
616,0.0
617,1.3137255
618,6.1326404
619,9.7603245
620,3.739005
621,5.2216415
622,2.7309456
623,7.9927454
624,12.487453
625,5.5690374
626,13.499823
627,13.161852
628,5.7549
629,5.409503
630,9.40436
631,7.9241076
632,4.415121
633,5.491622
634,6.138707
635,6.090616
636,11.576264
637,3.8253083
638,3.226685
639,8.565371
640,8.929583
641,6.2371325
642,9.184023
643,7.063719
644,6.91337
645,6.027746
646,3.563754
647,11.663
648,13.369724
649,9.741667
650,9.07832
651,2.7485428
652,12.019272
653,10.768427
654,11.60018
655,7.5716677
656,9.17779
657,10.87768
658,4.619186
659,8.093356
660,3.7083778
661,2.2135043
662,6.4130783
663,4.5954847
664,9.301142
665,6.1027393
666,3.7610085
667,12.060019
668,10.300666
669,6.420923
670,5.8312216
671,3.6812181
672,3.2211373
673,9.580048
674,6.984099
675,5.5820165
676,3.6189346
677,7.474161
678,9.000115
679,4.4559765
680,6.875762
681,7.8504815
682,6.2984076
683,6.688097
684,5.3045015
685,10.4543085
686,5.739857
687,5.8268347
688,8.940292
689,1.5268528
690,10.019592
691,4.922001
692,12.091682
693,1.9870422
694,8.075535
695,5.6043744
696,5.2550025
697,7.786112
698,5.664197
699,0.0
700,3.857935
701,11.052582
702,4.373243
703,0.22780204
704,6.020572
705,0.0
706,14.10335
707,11.184917
708,16.463959
709,5.3076553
710,11.941402
711,6.814762
712,3.5253167
713,3.614088
714,4.378239
715,4.3858533
716,6.8121333
717,0.0
718,3.39079
719,7.040431
720,6.4535975
721,7.951813
722,12.063559
723,11.319522
724,13.478064
725,2.002666
726,7.9681344
727,6.2420354
728,3.1420562
729,6.755375
730,4.3989434
731,4.0781803
732,3.6527345
733,12.760647
734,13.254747
735,4.7638483
736,7.709264
737,5.329548
738,9.557768
739,4.9160366
740,4.7626657
741,5.280949
742,8.916035
743,11.119463
744,6.6419554
745,6.729395
746,3.6200054
747,7.4249506
748,3.4943752
749,5.3358994
750,9.500107
751,6.4710293
752,7.529564
753,7.018459
754,5.2162256
755,6.1134214
756,11.058895
757,10.320182
758,11.429567
759,12.389221
760,9.496739
761,3.3437428
762,9.129872
763,4.9189377
764,5.897969
765,5.3340216
766,4.4580708
767,6.1747026
768,7.6804676
769,12.692442
770,7.0595665
771,5.355145
772,9.919731
773,2.7870102
774,9.5745945
775,6.8818398
776,9.108569
777,8.718626
778,4.9751863
779,10.947964
780,7.8156815
781,11.192471
782,8.022722
783,6.1780424
784,9.568792
785,11.310505
786,11.568937
787,12.722645
788,6.1350203
789,8.350999
790,0.06785512
791,9.718283
792,7.9151754
793,8.882647
794,0.0
795,1.53913
796,1.2512822
797,2.0303855
798,7.2396955
799,9.248062
800,5.5272417
801,12.328827
802,11.578425
803,7.636199
804,10.932163
805,14.623737
806,3.1709769
807,14.631519
808,10.459766
809,7.5638027
810,3.5868797
811,9.210552
812,9.340132
813,10.077917
814,6.3169603
815,9.675692
816,7.919283
817,7.3531475
818,6.9476624
819,7.8541284
820,0.0
821,6.6804028
822,6.178547
823,3.6255867
824,13.394096
825,7.1706367
826,11.370369
827,10.701302
828,4.964825
829,6.2123127
830,5.276392
831,7.1240745
832,0.0
833,7.2855988
834,7.5236855
835,6.170974
836,4.9570475
837,9.239933
838,10.7161045
839,4.3746386
840,7.9414005
841,11.610645
842,2.9021826
843,4.483656
844,4.1985397
845,8.006662
846,11.74423
847,0.0
848,10.571969
849,13.685041
850,5.6890893
851,11.73007
852,11.077324
853,11.52434
854,9.089825
855,7.305088
856,7.251487
857,7.371235
858,8.886093
859,6.2355843
860,3.4852026
861,8.269079
862,0.0
863,8.975258
864,6.488502
865,7.4640865
866,7.898688
867,2.4689932
868,13.80245
869,3.1797194
870,9.245933
871,8.898123
872,8.356577
873,7.733547
874,9.776161
875,9.360973
876,12.6601925
877,11.674887
878,9.303673
879,10.857578
880,5.509028
881,9.965616
882,5.3825755
883,9.254608
884,9.382809
885,10.513615
886,7.6963754
887,8.928093
888,6.328989
889,3.3838196
890,10.003899
891,13.043137
892,3.589112
893,10.641743
894,3.9341745
895,0.6208856
896,10.731689
897,5.273928
898,10.219969
899,4.1780767
900,1.1326582
901,2.356824
902,8.145737
903,13.60799
904,8.68499
905,8.064572
906,5.3617334
907,2.9001732
908,3.646326
909,10.315891
910,11.132927
911,6.5841665
912,11.208504
913,12.078531
914,3.9064693
915,0.0
916,9.530998
917,2.485096
918,11.343887
919,4.5946712
920,13.297081
921,5.2874146
922,6.395376
923,4.57158
924,9.841797
925,3.6163893
926,10.691393
927,6.153075
928,8.091783
929,3.3940706
930,9.7799425
931,9.159201
932,6.3053193
933,8.775547
934,8.076677
935,2.873958
936,3.9826365
937,11.355452
938,5.910193
939,6.518003
940,10.785603
941,9.093262
942,10.504343
943,9.992769
944,4.799521
945,8.971712
946,6.5686173
947,13.951744
948,10.691475
949,8.651964
950,9.548215
951,4.5805173
952,13.782618
953,7.1129284
954,9.094255
955,10.576986
956,3.633476
957,2.2602482
958,13.464836
959,4.721843
960,3.1564846
961,7.9238434
962,6.2217197
963,9.492744
964,14.824554
965,13.689993
966,7.852003
967,11.914072
968,4.6557302
969,12.267807
970,9.247715
971,3.8834605
972,7.838005
973,9.255434
974,4.739721
975,7.5312805
976,7.1384764
977,11.51103
978,0.0
979,6.537007
980,13.711351
981,5.382068
982,4.580203
983,5.6957097
984,3.8994522
985,7.3678756
986,7.18552
987,3.6577876
988,13.297928
989,9.153212
990,3.4997141
991,11.639566
992,3.2176478
993,0.0
994,2.8309884
995,10.113432
996,7.94305
997,5.393279
998,10.031287
999,9.241927
1000,2.9317322
1001,13.501635
1002,3.9205444
1003,3.2205882
1004,8.177811
1005,10.851728
1006,13.70776
1007,6.8855124
1008,7.2020025
1009,11.18512
1010,5.3037486
1011,6.356711
1012,6.470701
1013,9.146727
1014,6.145994
1015,1.5981257
1016,12.300459
1017,4.8717036
1018,9.286266
1019,8.700993
1020,6.389368
1021,6.116758
1022,5.4523935
1023,2.2638268
1024,0.90691924
1025,11.914697
1026,8.345467
1027,12.88867
1028,3.419506
1029,6.371748
1030,7.70996
1031,10.404701
1032,6.9927545
1033,7.7289968
1034,8.914172
1035,6.531678
1036,2.6338818
1037,5.680605
1038,5.748919
1039,7.749689
1040,0.0
1041,6.2190075
1042,9.426937
1043,9.816076
1044,3.9408622
1045,12.667568
1046,7.9707694
1047,0.0
1048,4.80308
1049,10.896432
1050,13.0806465
1051,5.50904
1052,2.561675
1053,12.750414
1054,2.2769277
1055,6.623193
1056,10.981795
1057,3.8508642
1058,7.047871
1059,8.062668
1060,12.038042
1061,7.9275866
1062,6.2223034
1063,7.2388525
1064,7.477338
1065,9.446846
1066,6.1487284
1067,9.628687
1068,3.1629033
1069,5.795188
1070,6.1668777
1071,10.04266
1072,8.909605
1073,1.7012467
1074,8.345667
1075,13.977676
1076,6.1485023
1077,9.33238
1078,7.950019
1079,5.911765
1080,11.609924
1081,2.4192767
1082,8.397938
1083,8.00238
1084,3.6644278
1085,6.69125
1086,5.667847
1087,2.3364666
1088,6.6898
1089,10.64262
1090,8.1238785
1091,7.5832624
1092,11.53986
1093,5.805998
1094,2.82868
1095,6.563437
1096,9.120815
1097,0.0
1098,9.287354
1099,7.2374277
1100,9.118826
1101,7.842624
1102,5.2980633
1103,6.3263235
1104,4.7965813
1105,2.9034438
1106,2.1196156
1107,9.776381
1108,7.7462535
1109,3.3159714
1110,8.01169
1111,0.6582403
1112,14.16777
1113,6.773303
1114,5.5684576
1115,6.867612
1116,7.5425615
1117,3.287254
1118,1.9413357
1119,4.207901
1120,2.6777635
1121,13.87715
1122,6.7925515
1123,10.504656
1124,3.1986513
1125,9.65349
1126,9.140938
1127,12.219112
1128,5.203635
1129,8.213584
1130,10.69121
1131,3.4149268
1132,8.91017
1133,6.964218
1134,7.4542294
1135,4.583332
1136,9.9904785
1137,9.35734
1138,7.3963366
1139,3.427191
1140,6.1169057
1141,4.9090652
1142,10.806335
1143,8.756979
1144,2.2690647
1145,7.9775176
1146,3.4525092
1147,10.022253
1148,3.4275718
1149,12.005825
1150,7.73633
1151,7.36271
1152,7.2566037
1153,8.097673
1154,9.710393
1155,0.0
1156,5.3825874
1157,0.0
1158,5.7868977
1159,3.8814406
1160,3.313132
1161,7.962457
1162,11.056282
1163,3.2402184
1164,6.887682
1165,4.98646
1166,10.646921
1167,12.502308
1168,11.145935
1169,12.283733
1170,8.853987
1171,6.030575
1172,5.9886513
1173,13.099543
1174,3.8539114
1175,8.051565
1176,1.5949116
1177,14.200773
1178,8.054333
1179,12.420528
1180,5.930112
1181,10.016077
1182,7.7657065
1183,4.2062244
1184,6.758258
1185,7.174715
1186,9.206179
1187,2.7130704
1188,5.3083973
1189,13.136536
1190,5.6881914
1191,0.92145514
1192,7.8814898
1193,1.2046835
1194,6.2398033
1195,7.946607
1196,10.581472
1197,13.699476
1198,5.497887
1199,7.270779
1200,5.319842
1201,3.4423637
1202,5.476798
1203,9.867816
1204,3.5560298
1205,6.7287283
1206,3.5780249
1207,8.518425
1208,7.7656517
1209,12.340029
1210,5.207229
1211,5.5386906
1212,0.0
1213,8.98077
1214,10.527946
1215,3.3269048
1216,2.7596588
1217,8.872784
1218,2.1143794
1219,8.27002
1220,3.0096545
1221,6.692542
1222,9.342091
1223,5.340766
1224,1.6656339
1225,10.280197
1226,4.367278
1227,3.4179156
1228,10.881512
1229,6.1009912
1230,11.252476
1231,5.8437166
1232,10.654039
1233,7.8063326
1234,6.1042614
1235,7.9098225
1236,7.067564
1237,11.678745
1238,9.239235
1239,4.4069123
1240,6.0669966
1241,4.883981
1242,11.712943
1243,4.6395526
1244,6.4993725
1245,5.806959
1246,7.911995
1247,7.3339367
1248,0.46237946
1249,5.286235
1250,7.6292243
1251,9.331003
1252,3.7486384
1253,10.4224415
1254,10.877041
1255,9.061086
1256,11.09593
1257,7.8288345
1258,3.694949
1259,6.2109456
1260,2.8812068
1261,12.471437
1262,3.3643534
1263,2.2969537
1264,3.2969751
1265,2.7461085
1266,8.963213
1267,4.645343
1268,6.155746
1269,5.233079
1270,9.415914
1271,5.2303243
1272,1.4978554
1273,11.443665
1274,9.028109
1275,7.9674363
1276,12.469152
1277,4.0896554
1278,6.542219
1279,12.863407
1280,3.1963012
1281,3.0118618
1282,6.477547
1283,6.9185524
1284,12.026922
1285,10.246187
1286,0.0
1287,6.1622543
1288,5.39331
1289,0.51080704
1290,9.112149
1291,10.650781
1292,9.948637
1293,10.023217
1294,7.6695967
1295,4.0686893
1296,9.823191
1297,5.5630493
1298,6.624471
1299,10.090923
1300,10.05891
1301,11.064955
1302,4.6877856
1303,11.801641
1304,7.24224
1305,6.3130536
1306,10.04373
1307,6.0108495
1308,11.157808
1309,6.2912645
1310,5.545808
1311,6.4172506
1312,9.64037
1313,6.4298964
1314,6.693801
1315,11.089364
1316,5.363416
1317,9.379526
1318,4.9551983
1319,8.208864
1320,11.594212
1321,6.47126
1322,3.6936798
1323,11.141632
1324,2.7991748
1325,9.059372
1326,10.668356
1327,7.0436573
1328,0.0
1329,2.501109
1330,7.552153
1331,3.8842907
1332,0.69261837
1333,6.304586
1334,0.0
1335,9.825421
1336,0.0
1337,7.2057323
1338,2.8007512
1339,12.053059
1340,3.1290214
1341,12.455566
1342,5.995187
1343,7.0188055
1344,9.1577
1345,10.206308
1346,10.26922
1347,8.305217
1348,9.816572
1349,9.57299
1350,15.13744
1351,4.6559467
1352,3.7045538
1353,9.455421
1354,5.72696
1355,3.9061818
1356,5.3630123
1357,7.71431
1358,11.098978
1359,13.364054
1360,10.562251
1361,7.5741377
1362,7.799492
1363,7.0041876
1364,3.0223796
1365,10.93121
1366,3.0519378
1367,5.2515235
1368,9.746
1369,6.5335546
1370,4.1985583
1371,7.219972
1372,9.09843
1373,5.0079865
1374,7.0315657
1375,0.0
1376,6.9962635
1377,10.299004
1378,2.7881181
1379,8.036388
1380,10.774694
1381,3.388629
1382,0.70931506
1383,7.6425395
1384,5.8871603
1385,3.8420892
1386,8.249727
1387,10.935442
1388,11.1441765
1389,3.959535
1390,9.016012
1391,6.2387614
1392,3.5811577
1393,8.564478
1394,3.427985
1395,3.3170776
1396,7.5654144
1397,1.7663093
1398,6.73129
1399,10.739477
1400,8.917025
1401,10.996229
1402,5.5581093
1403,10.102507
1404,3.1969404
1405,3.2326221
1406,7.281467
1407,3.5270693
1408,4.4108396
1409,3.7196562
1410,7.2521253
1411,12.021427
1412,10.340412
1413,6.72932
1414,6.2313037
1415,6.056117
1416,6.9965954
1417,5.061718
1418,0.71781516
1419,5.6978006
1420,9.111513
1421,0.0
1422,4.058791
1423,11.333357
1424,7.6431413
1425,8.103983
1426,3.2668924
1427,5.8851557
1428,7.218642
1429,6.618999
1430,11.100821
1431,7.099212
1432,13.561401
1433,8.60436
1434,9.515234
1435,8.843243
1436,10.368475
1437,4.1537437
1438,2.8726573
1439,5.332818
1440,5.270386
1441,8.080213
1442,4.0305724
1443,6.0955544
1444,7.3839655
1445,7.2861285
1446,3.3239455
1447,5.1466503
1448,6.5368624
1449,9.257498
1450,9.31689
1451,2.914349
1452,8.925871
1453,11.440861
1454,3.6776686
1455,7.7006207
1456,7.9935083
1457,8.023785
1458,7.5392833
1459,2.4335566
1460,7.6497645
1461,3.4922073
1462,3.6182015
1463,10.716073
1464,3.7477558
1465,4.423239
1466,7.755706
1467,6.454669
1468,7.7096324
1469,8.088013
1470,6.288022
1471,5.6911097
1472,0.0
1473,6.1406918
1474,2.5534773
1475,2.7155914
1476,6.0702596
1477,0.0
1478,5.240153
1479,0.0
1480,14.389952
1481,3.0780842
1482,6.611594
1483,16.208319
1484,10.681347
1485,6.4661865
1486,3.6822424
1487,11.111209
1488,9.636274
1489,9.357093
1490,3.560614
1491,11.010645
1492,7.922041
1493,12.651089
1494,3.3807573
1495,10.097174
1496,6.0915675
1497,7.662494
1498,4.7232695
1499,7.621655
1500,9.85256
1501,7.939211
1502,7.886688
1503,9.120638
1504,4.946981
1505,7.329705
1506,5.44162
1507,6.2427187
1508,5.643936
1509,13.618008
1510,3.5403779
1511,9.198151
1512,7.253308
1513,11.389393
1514,8.663458
1515,8.031733
1516,6.2279234
1517,14.015499
1518,12.978529
1519,9.058473
1520,14.713591
1521,7.022187
1522,9.213629
1523,7.764442
1524,5.8726745
1525,6.0523057
1526,5.07112
1527,12.116589
1528,9.075485
1529,9.151829
1530,7.753253
1531,9.512798
1532,7.607134
1533,0.0
1534,8.066293
1535,9.416192
1536,15.150251
1537,11.120942
1538,5.2682867
1539,8.047583
1540,4.682451
1541,6.5661306
1542,0.0
1543,3.362955
1544,10.239437
1545,10.159125
1546,4.712471
1547,8.999899
1548,7.822311
1549,4.6654315
1550,3.4008422
1551,8.919262
1552,0.0
1553,5.690274
1554,4.316903
1555,6.640524
1556,3.8452601
1557,5.3249984
1558,7.2329903
1559,5.6497307
1560,6.234519
1561,3.9059036
1562,11.164812
1563,9.3454075
1564,11.131994
1565,8.151183
1566,2.722939
1567,5.365343
1568,10.845549
1569,5.4557133
1570,3.774214
1571,3.7375882
1572,8.955562
1573,10.633278
1574,11.1580715
1575,9.95875
1576,13.076847
1577,13.83791
1578,0.9688194
1579,7.4076214
1580,0.0
1581,10.531889
1582,7.2534866
1583,3.474111
1584,5.8708777
1585,3.1248293
1586,9.948244
1587,6.535269
1588,0.3345306
1589,7.6712823
1590,7.6190834
1591,4.821551
1592,3.325261
1593,9.158923
1594,10.926548
1595,6.018153
1596,5.3343
1597,8.897459
1598,5.9497614
1599,0.0
1600,12.343744
1601,8.614038
1602,3.5943341
1603,6.5114574
1604,8.111973
1605,6.09032
1606,3.280182
1607,8.976996
1608,9.902441
1609,3.6289377
1610,6.8329353
1611,6.618637
1612,4.7290363
1613,4.2881594
1614,9.087414
1615,10.822059
1616,2.741156
1617,12.228287
1618,3.979875
1619,6.4032087
1620,5.4046884
1621,5.300049
1622,11.677406
1623,7.842433
1624,5.4474483
1625,9.228137
1626,7.54349
1627,14.797819
1628,0.0
1629,7.190748
1630,9.793169
1631,10.107107
1632,1.9487202
1633,3.3434963
1634,2.4958582
1635,5.256404
1636,9.88925
1637,3.6222382
1638,9.252739
1639,7.7394676
1640,4.8055515
1641,14.599123
1642,4.8107224
1643,10.747961
1644,10.53046
1645,8.93483
1646,10.50054
1647,3.4935248
1648,9.234585
1649,3.2851946
1650,10.902248
1651,7.6050158
1652,11.873917
1653,7.792176
1654,8.222882
1655,3.0720654
1656,3.8663404
1657,5.3577905
1658,0.0
1659,12.005352
1660,9.534138
1661,7.7150335
1662,7.1948156
1663,9.905748
1664,8.26656
1665,4.7279034
1666,9.018565
1667,4.33522
1668,8.093206
1669,4.8844156
1670,11.55645
1671,13.76936
1672,8.414474
1673,9.801535
1674,6.190607
1675,1.1881039
1676,9.13042
1677,2.3819556
1678,5.3346734
1679,2.7029672
1680,4.7619476
1681,7.986837
1682,9.733961
1683,14.473328
1684,9.0698395
1685,7.3663
1686,8.737286
1687,10.96603
1688,8.987185
1689,10.767178
1690,8.641975
1691,8.026186
1692,9.345421
1693,3.3898232
1694,3.0545654
1695,6.406949
1696,3.3979232
1697,13.51507
1698,9.113592
1699,3.0621107
1700,12.007393
1701,6.4333467
1702,8.895308
1703,9.973665
1704,3.6111248
1705,10.539167
1706,10.018961
1707,1.7309747
1708,6.052635
1709,3.903296
1710,9.159357
1711,8.044804
1712,5.261797
1713,10.422432
1714,6.208397
1715,5.33347
1716,7.863139
1717,9.900873
1718,3.7060802
1719,0.0
1720,7.092952
1721,0.0
1722,6.0537453
1723,3.0172775
1724,9.321074
1725,2.4696603
1726,7.7441764
1727,9.208122
1728,9.028915
1729,3.5636196
1730,3.800321
1731,12.905634
1732,0.0
1733,3.4735782
1734,4.7262506
1735,6.321204
1736,6.2803516
1737,16.046463
1738,5.3063183
1739,13.555506
1740,4.7076035
1741,7.6922374
1742,9.62596
1743,6.7300467
1744,3.937898
1745,4.6527405
1746,3.8581607
1747,6.9876943
1748,2.5584745
1749,2.998471
1750,5.5931225
1751,3.756914
1752,12.732834
1753,11.436909
1754,8.145174
1755,3.111752
1756,1.6575503
1757,3.049644
1758,10.968717
1759,2.7529387
1760,10.612089
1761,9.084057
1762,11.3220825
1763,5.8696446
1764,6.2420673
1765,9.495638
1766,5.550688
1767,2.7099712
1768,3.107942
1769,10.639525
1770,11.860128
1771,0.0
1772,9.945349
1773,7.0267067
1774,11.114946
1775,5.7578754
1776,10.761343
1777,6.587711
1778,5.2772236
1779,13.64151
1780,6.0579576
1781,4.25655
1782,3.6251452
1783,9.824159
1784,8.847437
1785,10.601239
1786,0.0
1787,9.7558975
1788,11.81389
1789,9.229315
1790,13.023857
1791,9.439222
1792,11.86351
1793,4.9148893
1794,8.950014
1795,0.0
1796,5.3738317
1797,4.9677873
1798,13.269274
1799,7.374527
1800,6.2347965
1801,10.784481
1802,5.446594
1803,5.246125
1804,3.618157
1805,9.073191
1806,10.451767
1807,7.3386645
1808,6.154646
1809,9.507362
1810,5.069257
1811,6.8244686
1812,6.9666023
1813,0.0
1814,9.6146755
1815,3.6416867
1816,8.097319
1817,5.8780646
1818,4.034743
1819,6.115608
1820,8.900927
1821,3.547921
1822,4.642689
1823,5.624219
1824,12.405968
1825,3.3372264
1826,13.609549
1827,7.542447
1828,2.652256
1829,9.313971
1830,10.969852
1831,10.871389
1832,5.385381
1833,6.1341305
1834,0.0
1835,7.6577306
1836,2.3307614
1837,6.421738
1838,13.94208
1839,8.716026
1840,7.8075385
1841,6.1056232
1842,14.937334
1843,2.967955
1844,9.4543495
1845,8.949444
1846,8.077879
1847,3.5125415
1848,11.830572
1849,10.475048
1850,5.563084
1851,4.682753
1852,8.082714
1853,6.9087677
1854,4.741409
1855,10.785698
1856,4.811283
1857,2.6796465
1858,13.789621
1859,12.611273
1860,3.7857587
1861,2.8712432
1862,7.2341137
1863,8.615749
1864,5.747636
1865,7.924244
1866,10.162249
1867,13.331938
1868,9.607212
1869,0.0
1870,12.378494
1871,5.480766
1872,3.232542
1873,5.320486
1874,6.275175
1875,11.377632
1876,4.722883
1877,6.6041307
1878,8.394022
1879,10.69043
1880,0.0
1881,8.052441
1882,5.9514766
1883,4.8040624
1884,3.5046957
1885,5.7315836
1886,6.9677854
1887,3.3021946
1888,7.7089868
1889,9.779478
1890,14.436272
1891,10.810751
1892,9.387102
1893,4.40941
1894,2.3021302
1895,9.795139
1896,13.773903
1897,7.408619
1898,1.9985962
1899,7.9267974
1900,4.4038515
1901,9.322058
1902,9.949606
1903,6.977891
1904,12.357983
1905,5.125161
1906,8.654596
1907,3.663622
1908,5.9758997
1909,5.963043
1910,11.274193
1911,4.7761784
1912,7.332938
1913,13.483595
1914,5.264756
1915,7.8217363
1916,2.554903
1917,9.008348
1918,7.5764303
1919,9.664716
1920,5.5015125
1921,11.090753
1922,11.390554
1923,10.124753
1924,4.9274774
1925,2.0554347
1926,13.56835
1927,11.94356
1928,11.399258
1929,6.0762253
1930,7.8165817
1931,12.654835
1932,2.043418
1933,6.099687
1934,12.3931465
1935,7.507095
1936,4.0610285
1937,7.990675
1938,6.024472
1939,9.378584
1940,9.693733
1941,4.0953455
1942,5.956012
1943,0.0
1944,5.953607
1945,7.1796646
1946,11.434927
1947,10.410654
1948,9.316092
1949,10.890078
1950,0.0
1951,11.641503
1952,13.677908
1953,5.9910555
1954,10.065329
1955,4.055607
1956,4.7628646
1957,10.834208
1958,8.973623
1959,8.127069
1960,5.5919867
1961,9.855455
1962,13.099752
1963,10.841195
1964,8.525055
1965,7.4127274
1966,3.2833138
1967,6.3216414
1968,6.5934906
1969,15.605917
1970,8.786085
1971,13.19314
1972,4.779441
1973,3.6015468
1974,10.5264
1975,3.6676104
1976,8.102713
1977,4.68934
1978,5.7035065
1979,10.148502
1980,4.14185
1981,3.607547
1982,2.6065793
1983,6.1331525
1984,6.6693926
1985,7.8871408
1986,6.432867
1987,9.235821
1988,8.069656
1989,4.718256
1990,3.6779675
1991,4.4317446
1992,6.208321
1993,7.6298857
1994,7.0564117
1995,11.057588
1996,7.3525143
1997,4.2788587
1998,11.627121
1999,2.7764478
2000,1.8914742
2001,5.7810373
2002,5.5509453
2003,9.118038
2004,10.779361
2005,2.185701
2006,2.662887
2007,3.3419342
2008,7.7159233
2009,7.577555
2010,5.3513274
2011,12.118721
2012,9.541903
2013,8.920874
2014,5.288411
2015,11.333786
2016,4.323164
2017,11.096538
2018,7.873556
2019,4.6176596
2020,6.190114
2021,7.0943017
2022,8.928639
2023,7.75644
2024,0.42481184
2025,4.3697267
2026,7.4629097
2027,11.833754
2028,9.5074005
2029,7.859717
2030,7.393362
2031,13.257675
2032,13.607269
2033,18.371853
2034,2.71456
2035,3.0648706
2036,2.2809696
2037,2.7645073
2038,5.2799773
2039,7.7821503
2040,6.0324383
2041,6.6997385
2042,2.7755375
2043,4.3989363
2044,8.071163
2045,7.7535
2046,10.941422
2047,8.989462
2048,5.4410825
2049,3.4462252
2050,6.7947583
2051,3.571199
2052,11.670887
2053,6.4811563
2054,5.423518
2055,9.316515
2056,0.0
2057,7.598316
2058,3.418362
2059,11.055719
2060,8.25266
2061,11.448487
2062,4.9860554
2063,1.7146821
2064,0.18891001
2065,4.5049133
2066,11.544113
2067,4.800127
2068,11.168311
2069,7.698145
2070,7.557335
2071,11.744068
2072,11.109266
2073,4.02803
2074,3.785004
2075,5.477701
2076,11.584155
2077,4.6258693
2078,9.457831
2079,11.503157
2080,5.4234066
2081,9.07085
2082,0.0
2083,2.0575674
2084,0.028966188
2085,5.1912837
2086,0.0
2087,9.087538
2088,3.1968362
2089,0.0
2090,6.1461167
2091,0.97874236
2092,5.6272273
2093,3.525538
2094,0.0
2095,9.171055
2096,6.8548894
2097,9.332525
2098,4.0648217
2099,3.3365412
2100,8.697905
2101,5.3548703
2102,10.832304
2103,11.912727
2104,7.925189
2105,6.6463194
2106,5.2929425
2107,9.644957
2108,6.395458
2109,5.155463
2110,11.573673
2111,5.9870152
2112,9.84508
2113,8.085971
2114,10.8241825
2115,3.2300305
2116,4.807211
2117,12.535048
2118,11.416853
2119,9.299072
2120,0.0
2121,6.833063
2122,10.554495
2123,6.7032275
2124,11.101303
2125,6.2263494
2126,6.975256
2127,10.050188
2128,10.52248
2129,4.8084292
2130,10.258102
2131,0.0
2132,5.4985204
2133,0.13731647
2134,14.171312
2135,2.657532
2136,13.267433
2137,13.857384
2138,10.35124
2139,10.431011
2140,6.0307813
2141,10.588669
2142,13.494825
2143,9.003691
2144,2.887682
2145,4.8646517
2146,11.529457
2147,7.609546
2148,4.1155186
2149,10.940229
2150,9.315765
2151,2.808135
2152,9.3807535
2153,11.037806
2154,6.224398
2155,6.502448
2156,4.9988117
2157,6.26748
2158,3.1900973
2159,11.9613495
2160,5.3634043
2161,4.0450993
2162,9.888348
2163,9.21871
2164,4.134664
2165,7.5121613
2166,2.8444295
2167,3.3681455
2168,10.96806
2169,7.573237
2170,9.610718
2171,4.573278
2172,4.838836
2173,6.2639647
2174,5.986064
2175,0.0
2176,12.068178
2177,10.856644
2178,2.31102
2179,4.7027836
2180,10.653706
2181,5.0932226
2182,6.3206005
2183,9.40402
2184,7.485963
2185,5.7713747
2186,4.412391
2187,5.489375
2188,7.0006795
2189,8.025593
2190,7.281372
2191,3.717082
2192,3.306581
2193,3.7572818
2194,12.266579
2195,0.13708186
2196,14.61541
2197,1.6248429
2198,5.3598
2199,10.387784
2200,7.860765
2201,2.5872407
2202,5.303174
2203,8.858801
2204,5.3544574
2205,3.7043018
2206,9.609024
2207,9.965876
2208,3.168497
2209,13.876867
2210,10.079618
2211,10.824619
2212,6.9724355
2213,10.949114
2214,6.032486
2215,6.2360134
2216,3.3310986
2217,11.642389
2218,11.812297
2219,11.006433
2220,9.912008
2221,10.141157
2222,5.758608
2223,5.910049
2224,9.252155
2225,7.7097445
2226,11.604387
2227,11.246719
2228,5.3807416
2229,10.923762
2230,0.32398057
2231,2.383741
2232,3.5704715
2233,6.660348
2234,14.776417
2235,6.7484703
2236,7.737914
2237,6.235745
2238,9.423798
2239,10.118273
2240,7.4946632
2241,7.821041
2242,4.6598964
2243,7.939599
2244,7.3700743
2245,8.870178
2246,5.2793427
2247,8.818695
2248,5.459952
2249,12.734907
2250,6.4705567
2251,3.6140492
2252,6.0444474
2253,3.4314823
2254,12.336847
2255,4.5639563
2256,9.066332
2257,8.884764
2258,7.956414
2259,11.398668
2260,9.811786
2261,12.200325
2262,0.0
2263,6.2622566
2264,7.973291
2265,7.6993685
2266,11.794656
2267,11.588157
2268,7.987996
2269,10.943111
2270,0.0
2271,6.601531
2272,5.136035
2273,5.7825737
2274,4.96724
2275,0.0
2276,5.25033
2277,9.454533
2278,6.159096
2279,8.823348
2280,0.0
2281,9.52169
2282,3.8078513
2283,3.0410185
2284,0.55471253
2285,3.6806123
2286,2.047796
2287,8.925161
2288,9.707159
2289,13.040157
2290,9.460144
2291,12.71693
2292,0.0
2293,13.119976
2294,8.992908
2295,5.103906
2296,0.8613386
2297,13.951057
2298,3.8353174
2299,5.7577357
2300,9.432125
2301,10.869775
2302,3.6199837
2303,11.306654
2304,5.3266087
2305,4.7087927
2306,3.4607372
2307,7.1622667
2308,8.845349
2309,5.430209
2310,5.230811
2311,2.3378172
2312,12.101086
2313,10.974319
2314,10.783667
2315,7.450706
2316,5.6856894
2317,1.386056
2318,12.089453
2319,6.535219
2320,5.934229
2321,10.184586
2322,10.085638
2323,5.913298
2324,11.507647
2325,6.4634094
2326,1.1109223
2327,3.431767
2328,12.572773
2329,6.5595727
2330,10.846612
2331,5.343807
2332,5.879913
2333,3.8006532
2334,6.3287544
2335,3.451358
2336,9.119444
2337,0.0
2338,7.2762113
2339,12.144112
2340,13.175745
2341,7.293279
2342,4.9144893
2343,9.640205
2344,11.244663
2345,3.0275702
2346,9.112035
2347,11.799635
2348,7.247678
2349,2.84836
2350,5.2672405
2351,7.562096
2352,10.385281
2353,13.765318
2354,3.1749444
2355,0.0
2356,5.5501413
2357,2.3435614
2358,2.2604175
2359,3.5196557
2360,2.1375322
2361,6.2414465
2362,4.684671
2363,7.7559214
2364,7.3978906
2365,12.688465
2366,13.928101
2367,7.441433
2368,7.3233376
2369,3.612912
2370,8.444735
2371,10.87587
2372,4.726202
2373,9.409124
2374,3.7559845
2375,11.493389
2376,2.263826
2377,4.1285515
2378,4.3176193
2379,6.1410074
2380,11.70706
2381,10.672512
2382,3.1966949
2383,4.116682
2384,14.170818
2385,4.5851383
2386,3.3739004
2387,7.52184
2388,8.150737
2389,10.12098
2390,2.9188519
2391,12.083742
2392,3.57662
2393,8.724125
2394,8.868464
2395,12.112972
2396,2.5854397
2397,6.9612894
2398,5.304056
2399,10.718912
2400,3.8908608
2401,6.116032
2402,3.557711
2403,3.1416898
2404,3.1878371
2405,7.4863596
2406,7.8639183
2407,4.35185
2408,5.4834814
2409,9.049328
2410,4.6200333
2411,6.459218
2412,6.5945644
2413,6.4415555
2414,9.386805
2415,4.173466
2416,10.243767
2417,8.917401
2418,10.710291
2419,10.484328
2420,8.8925
2421,9.25242
2422,7.678094
2423,7.3645735
2424,4.813422
2425,3.3296156
2426,0.0
2427,0.4331503
2428,8.076958
2429,8.780701
2430,4.727662
2431,2.6854506
2432,7.553896
2433,7.911669
2434,5.9603744
2435,8.075382
2436,7.2064924
2437,5.4028482
2438,6.727956
2439,9.004499
2440,8.5504
2441,0.0
2442,11.136438
2443,6.0585117
2444,11.947943
2445,8.118364
2446,7.370721
2447,9.528016
2448,5.3037634
2449,4.044472
2450,7.973632
2451,2.8015976
2452,3.1304333
2453,6.253528
2454,10.73278
2455,3.2853422
2456,12.680035
2457,11.197006
2458,10.616718
2459,12.328306
2460,0.0
2461,3.8514075
2462,5.323126
2463,10.072853
2464,6.237441
2465,3.485335
2466,4.8228025
2467,2.813849
2468,6.804917
2469,10.162434
2470,9.522659
2471,11.88722
2472,11.816296
2473,0.0
2474,10.877886
2475,6.06626
2476,6.9471626
2477,2.394249
2478,8.024179
2479,12.336952
2480,6.576563
2481,6.0173955
2482,11.076366
2483,5.4301033
2484,8.062957
2485,2.6361957
2486,0.0
2487,3.2007842
2488,9.381327
2489,3.3858511
2490,3.4807286
2491,12.032497
2492,12.519457
2493,16.52394
2494,8.94179
2495,3.9458594
2496,7.6854763
2497,1.3645697
2498,11.789508
2499,9.199404
2500,4.3849535
2501,9.483397
2502,4.9819393
2503,3.915231
2504,2.260172
2505,7.6827564
2506,2.913006
2507,7.5543237
2508,12.5909
2509,3.7117622
2510,4.566963
2511,8.428719
2512,3.0373058
2513,6.0478325
2514,9.1547165
2515,9.088034
2516,6.4238815
2517,13.650888
2518,6.293106
2519,8.700352
2520,7.3317127
2521,6.8296843
2522,6.405147
2523,12.429483
2524,7.824761
2525,10.439764
2526,8.903788
2527,7.503672
2528,9.76569
2529,9.48197
2530,6.239296
2531,12.719051
2532,11.582939
2533,3.0074656
2534,5.956218
2535,3.0882304
2536,7.7751017
2537,6.115587
2538,6.124586
2539,9.36816
2540,13.425093
2541,3.5699854
2542,5.437475
2543,10.215166
2544,0.0
2545,10.935148
2546,11.576078
2547,8.536831
2548,6.8277173
2549,11.24292
2550,5.441469
2551,0.0
2552,10.806566
2553,10.21011
2554,2.7382784
2555,5.625119
2556,9.076416
2557,7.9198437
2558,1.3067894
2559,6.068005
2560,10.317867
2561,11.747265
2562,11.36624
2563,5.946271
2564,6.002058
2565,7.634526
2566,11.437632
2567,6.0841393
2568,10.732491
2569,11.71311
2570,12.342318
2571,14.5218315
2572,3.179358
2573,4.666524
2574,8.92611
2575,5.435938
2576,8.9944725
2577,7.5892215
2578,7.4321747
2579,10.282454
2580,4.9016385
2581,9.932262
2582,2.3188229
2583,3.6952085
2584,7.6584086
2585,7.097453
2586,9.343468
2587,4.0584054
2588,7.8861547
2589,4.6797953
2590,3.3301156
2591,12.174051
2592,7.9654818
2593,10.972776
2594,9.193804
2595,3.5917473
2596,11.575909
2597,7.830919
2598,5.758718
2599,5.609906
2600,10.02808
2601,7.395806
2602,9.399332
2603,8.330677
2604,8.158855
2605,11.977673
2606,8.099831
2607,3.6408548
2608,16.18275
2609,11.230322
2610,4.9557786
2611,8.871611
2612,9.951948
2613,6.1672645
2614,12.429958
2615,10.230958
2616,3.5346358
2617,3.3038929
2618,5.657796
2619,2.8189878
2620,9.881716
2621,11.773689
2622,7.73171
2623,12.17618
2624,8.804112
2625,9.392351
2626,9.734149
2627,3.3438137
2628,6.3143196
2629,6.011096
2630,9.599836
2631,2.0646467
2632,11.4018955
2633,6.508437
2634,15.793444
2635,0.0
2636,2.3511221
2637,5.9203734
2638,7.4729524
2639,6.510051
2640,8.828926
2641,6.0093884
2642,9.345959
2643,9.948843
2644,6.1903806
2645,4.0545416
2646,3.4476361
2647,6.165723
2648,10.196682
2649,6.1392326
2650,4.367271
2651,3.2895849
2652,4.55964
2653,8.596863
2654,6.305201
2655,8.085005
2656,9.504597
2657,11.122927
2658,14.352516
2659,10.126527
2660,0.0
2661,8.919659
2662,10.803961
2663,7.993968
2664,3.4495382
2665,9.577903
2666,6.1380854
2667,2.8218844
2668,6.2825413
2669,4.4255896
2670,8.902966
2671,5.5141916
2672,8.054855
2673,4.5586457
2674,7.3841166
2675,9.083839
2676,6.4084053
2677,9.061014
2678,9.323486
2679,1.5882492
2680,3.7115717
2681,11.651415
2682,4.159858
2683,10.586454
2684,3.2262096
2685,3.7618878
2686,12.011774
2687,8.886796
2688,5.104542
2689,0.0
2690,4.16693
2691,5.277894
2692,9.110666
2693,6.384095
2694,8.225731
2695,6.388936
2696,7.8425756
2697,3.2611642
2698,9.323978
2699,5.249257
2700,8.334738
2701,6.744453
2702,3.4934971
2703,7.2340574
2704,7.766816
2705,8.546486
2706,2.773502
2707,13.931494
2708,3.5862625
2709,11.703685
2710,6.40745
2711,9.3867445
2712,6.876686
2713,12.131121
2714,11.015047
2715,6.1834593
2716,6.082199
2717,2.9767947
2718,2.970585
2719,10.29818
2720,2.950337
2721,8.969601
2722,9.162371
2723,11.261766
2724,7.9918613
2725,5.117827
2726,8.378061
2727,11.93684
2728,7.965911
2729,5.4073544
2730,8.7656555
2731,5.47034
2732,6.708433
2733,5.356782
2734,24.2471
2735,4.7826962
2736,14.032679
2737,7.2780447
2738,2.9151955
2739,8.045312
2740,5.594595
2741,13.099287
2742,7.391277
2743,2.7672324
2744,5.7956934
2745,8.740795
2746,10.242018
2747,2.8471818
2748,10.209095
2749,8.599706
2750,12.062754
2751,3.1675177
2752,7.3984985
2753,9.195936
2754,9.670572
2755,8.9237385
2756,5.272642
2757,7.271718
2758,7.273181
2759,13.570389
2760,10.287743
2761,6.0529613
2762,3.8946972
2763,4.3899937
2764,5.007452
2765,4.010676
2766,4.2898383
2767,1.1408982
2768,5.3448167
2769,3.82792
2770,14.191196
2771,5.0141764
2772,13.423428
2773,6.24953
2774,8.988621
2775,12.515343
2776,4.5998306
2777,11.176157
2778,9.41692
2779,9.567625
2780,8.91707
2781,6.4565287
2782,11.306768
2783,7.925042
2784,0.93772316
2785,7.739254
2786,11.037536
2787,6.200388
2788,0.6372616
2789,6.0427723
2790,3.361947
2791,10.048874
2792,5.2261906
2793,2.06115
2794,4.984066
2795,7.414211
2796,3.9523976
2797,10.735304
2798,14.33213
2799,4.001088
2800,5.1176777
2801,8.908797
2802,2.7774744
2803,8.906313
2804,2.6073756
2805,5.572711
2806,5.367947
2807,7.7022905
2808,3.2595375
2809,4.1792912
2810,9.82222
2811,5.1451716
2812,7.220274
2813,2.05252
2814,9.234064
2815,6.109744
2816,3.0994632
2817,3.9550574
2818,3.8319378
2819,5.447115
2820,11.2857
2821,13.5229225
2822,7.0831723
2823,4.6207504
2824,9.082855
2825,10.818859
2826,4.6247125
2827,5.6280174
2828,9.037807
2829,0.0
2830,5.579768
2831,11.525806
2832,5.73822
2833,4.4737387
2834,11.483015
2835,5.728035
2836,5.62902
2837,4.68167
2838,8.254574
2839,9.185619
2840,5.3475137
2841,9.708918
2842,5.231173
2843,10.494545
2844,5.326376
2845,3.6966045
2846,9.678566
2847,0.0
2848,9.386562
2849,6.4092755
2850,3.565923
2851,9.461236
2852,2.3624277
2853,8.499262
2854,11.894089
2855,11.156218
2856,11.226881
2857,10.3042965
2858,7.3170714
2859,0.40270925
2860,6.525554
2861,8.078537
2862,9.749548
2863,0.0
2864,7.992271
2865,9.857403
2866,4.0012884
2867,9.90121
2868,8.049896
2869,7.7854056
2870,7.455601
2871,12.991426
2872,5.130698
2873,3.4426994
2874,0.0
2875,6.5183935
2876,10.052135
2877,2.270544
2878,7.014436
2879,3.4928677
2880,5.298354
2881,11.632387
2882,13.16074
2883,3.6087162
2884,5.2578974
2885,7.2120953
2886,13.419409
2887,10.648117
2888,1.0607741
2889,5.5363455
2890,10.36538
2891,3.2814026
2892,2.9506035
2893,1.6927726
2894,6.275387
2895,10.990599
2896,13.26606
2897,7.8977184
2898,2.2856984
2899,6.095127
2900,8.204735
2901,3.2422287
2902,6.88832
2903,3.5108635
2904,10.395332
2905,2.9671838
2906,4.027712
2907,5.1959763
2908,3.2057652
2909,9.362629
2910,1.6507957
2911,1.5118227
2912,4.656652
2913,9.396721
2914,13.605139
2915,10.136315
2916,9.481304
2917,3.4614973
2918,0.0
2919,15.012434
2920,10.43128
2921,9.768083
2922,9.506527
2923,7.4245586
2924,4.586853
2925,0.0
2926,6.1825504
2927,7.7302566
2928,7.3384647
2929,9.04734
2930,8.001389
2931,0.0
2932,8.811659
2933,7.788596
2934,4.8442984
2935,11.494148
2936,7.948888
2937,0.9503274
2938,10.850068
2939,5.3782244
2940,5.364948
2941,9.2730465
2942,7.699621
2943,2.29171
2944,3.7425127
2945,9.582035
2946,4.1194468
2947,3.9945343
2948,8.917941
2949,14.598639
2950,5.731231
2951,5.5399165
2952,11.51862
2953,8.628602
2954,14.811375
2955,11.291786
2956,4.4076915
2957,9.836748
2958,8.891035
2959,5.896185
2960,7.6907663
2961,11.075382
2962,9.717361
2963,10.818979
2964,11.909941
2965,13.892588
2966,3.6714354
2967,8.85486
2968,10.875735
2969,5.4310594
2970,6.863105
2971,8.907649
2972,9.132715
2973,5.4481997
2974,9.015499
2975,6.1293154
2976,6.607831
2977,8.047262
2978,7.025277
2979,3.3817017
2980,11.533297
2981,5.7318616
2982,7.79112
2983,7.4916687
2984,10.455887
2985,9.432863
2986,3.2726173
2987,8.510775
2988,7.0893745
2989,8.048862
2990,2.7380464
2991,6.260495
2992,4.1429434
2993,7.3140078
2994,3.934772
2995,11.499781
2996,8.37351
2997,11.231112
2998,8.699648
2999,4.33155
3000,3.177304
3001,9.257588
3002,9.044035
3003,8.932842
3004,8.942091
3005,5.213327
3006,12.790606
3007,7.0331626
3008,6.6334248
3009,9.662828
3010,8.909404
3011,8.865749
3012,10.175882
3013,6.1051707
3014,7.1796284
3015,6.5083733
3016,6.168764
3017,7.6465373
3018,5.708176
3019,9.942356
3020,39.315063
3021,1.9449291
3022,9.479553
3023,3.400352
3024,9.97143
3025,5.478181
3026,8.52607
3027,6.706621
3028,7.886574
3029,13.205193
3030,3.3446522
3031,6.6182675
3032,7.9489794
3033,9.494895
3034,10.581989
3035,9.346174
3036,4.2631435
3037,1.8950124
3038,7.549492
3039,5.5297313
3040,4.6727495
3041,10.39197
3042,5.518933
3043,3.090034
3044,9.850527
3045,15.887527
3046,9.126968
3047,9.138912
3048,4.570526
3049,7.8066883
3050,4.574067
3051,11.607722
3052,0.3933158
3053,14.141031
3054,3.9862452
3055,0.0
3056,9.268408
3057,11.5112095
3058,6.240032
3059,3.4372375
3060,11.615229
3061,2.53915
3062,12.015968
3063,0.9837153
3064,5.4855833
3065,4.9077926
3066,4.240306
3067,3.8804133
3068,5.4295177
3069,6.037363
3070,7.01406
3071,11.166056
3072,11.091049
3073,5.189327
3074,6.620919
3075,2.590158
3076,2.9406161
3077,7.0904503
3078,0.0
3079,0.0
3080,10.504919
3081,5.187516
3082,12.504385
3083,5.586044
3084,2.0542893
3085,11.097698
3086,9.100767
3087,5.1564317
3088,7.936038
3089,9.28377
3090,0.25770617
3091,3.3753355
3092,4.6307955
3093,9.614761
3094,9.423948
3095,3.099482
3096,5.357523
3097,6.227216
3098,8.1167345
3099,4.8707423
3100,9.284649
3101,9.202749
3102,13.163979
3103,5.811742
3104,9.229023
3105,3.1435971
3106,4.196066
3107,3.9071913
3108,7.5621233
3109,9.553858
3110,11.825443
3111,3.6953478
3112,11.394185
3113,8.061508
3114,9.196745
3115,7.977969
3116,4.2306604
3117,13.282227
3118,10.778858
3119,9.346197
3120,6.5206823
3121,8.481857
3122,9.915607
3123,1.4136465
3124,10.141273
3125,7.971062
3126,3.056952
3127,3.8015869
3128,8.054175
3129,6.948265
3130,2.1367035
3131,7.4227304
3132,9.860365
3133,10.583317
3134,7.64145
3135,10.179392
3136,7.8069735
3137,4.303292
3138,4.6411366
3139,12.391258
3140,6.2825594
3141,4.6155577
3142,10.585857
3143,7.6934824
3144,7.2063565
3145,11.074465
3146,0.0
3147,7.9799848
3148,12.642086
3149,7.41082
3150,0.0
3151,0.0
3152,7.986052
3153,4.919722
3154,1.9856911
3155,9.566452
3156,4.331889
3157,7.1462927
3158,9.203875
3159,10.649773
3160,2.8658483
3161,4.710504
3162,7.3611555
3163,5.8826904
3164,6.8587503
3165,7.4383163
3166,3.9832861
3167,7.8126297
3168,0.0
3169,8.942736
3170,11.3385515
3171,5.436207
3172,6.1213913
3173,7.736974
3174,15.431021
3175,0.0
3176,6.383325
3177,11.744204
3178,9.2343445
3179,0.0
3180,9.612077
3181,7.840269
3182,8.079307
3183,11.126827
3184,1.8476667
3185,4.637323
3186,6.2347145
3187,12.76753
3188,12.310642
3189,9.14632
3190,8.12451
3191,3.8510985
3192,7.023464
3193,9.330317
3194,14.870283
3195,9.127119
3196,3.5260746
3197,7.0503817
3198,4.272455
3199,0.0
3200,7.0851145
3201,6.612322
3202,7.998739
3203,4.6658835
3204,12.092648
3205,14.680838
3206,7.1457167
3207,7.7079897
3208,9.45411
3209,9.344475
3210,3.6544707
3211,10.964052
3212,7.6224174
3213,11.843075
3214,3.1833568
3215,9.549512
3216,13.34421
3217,5.390764
3218,12.326469
3219,3.22263
3220,12.056198
3221,8.52537
3222,14.4014
3223,1.578032
3224,4.1135125
3225,8.208214
3226,2.5157115
3227,4.1400895
3228,9.8022
3229,5.947248
3230,10.62871
3231,7.660096
3232,10.867401
3233,14.616547
3234,6.0064864
3235,7.4024277
3236,9.173874
3237,9.706376
3238,8.59209
3239,4.3814635
3240,7.687807
3241,3.478363
3242,5.9442954
3243,11.169746
3244,11.193146
3245,6.033803
3246,5.3684926
3247,7.7918863
3248,2.069591
3249,9.127594
3250,7.4952426
3251,0.0
3252,4.775727
3253,8.45877
3254,5.4537024
3255,6.0661116
3256,10.334855
3257,12.226913
3258,5.245139
3259,3.051076
3260,9.629473
3261,11.148928
3262,11.111923
3263,7.1882696
3264,4.426828
3265,7.497013
3266,8.110491
3267,13.291918
3268,5.252714
3269,10.483676
3270,3.809236
3271,4.097741
3272,9.613861
3273,3.9232354
3274,12.942013
3275,12.841917
3276,8.430195
3277,5.6956596
3278,7.118898
3279,4.0842967
3280,4.051728
3281,4.2724495
3282,5.572364
3283,5.1463757
3284,12.136253
3285,2.174743
3286,8.393942
3287,11.729799
3288,13.22558
3289,5.9691286
3290,5.845673
3291,9.543976
3292,5.6627445
3293,4.6223183
3294,8.63553
3295,8.716812
3296,6.744314
3297,9.822894
3298,10.511799
3299,11.451038
3300,11.590661
3301,4.3363285
3302,7.8033094
3303,11.725073
3304,8.8065815
3305,3.1986601
3306,12.646746
3307,7.003293
3308,7.2223854
3309,4.7948103
3310,7.4091187
3311,11.372522
3312,3.427334
3313,5.405854
3314,5.7061815
3315,7.450689
3316,10.607062
3317,3.923636
3318,7.0650125
3319,2.919963
3320,5.8414507
3321,9.705933
3322,7.1923475
3323,7.6429367
3324,3.5417764
3325,9.055956
3326,9.328693
3327,7.67831
3328,11.715684
3329,3.297616
3330,2.612649
3331,4.8170495
3332,6.700612
3333,2.331248
3334,3.772575
3335,10.939821
3336,11.437529
3337,12.815622
3338,3.2312183
3339,6.458012
3340,14.020987
3341,5.046547
3342,8.251955
3343,7.349515
3344,3.4159586
3345,0.0
3346,0.6420045
3347,8.820583
3348,2.179644
3349,6.0521965
3350,3.2793145
3351,3.153864
3352,4.1652193
3353,9.951759
3354,7.039424
3355,14.473181
3356,6.7276745
3357,0.0
3358,9.81303
3359,8.866187
3360,4.776308
3361,8.079805
3362,7.778698
3363,4.3788147
3364,13.112164
3365,8.629838
3366,3.2634149
3367,0.0
3368,8.091677
3369,6.252286
3370,8.674047
3371,15.313074
3372,12.419449
3373,7.5762043
3374,5.230436
3375,9.765339
3376,3.2989655
3377,3.097536
3378,7.286066
3379,11.173229
3380,7.263626
3381,28.478928
3382,10.084438
3383,11.079048
3384,0.0
3385,0.0
3386,3.402695
3387,2.5716944
3388,2.2263122
3389,13.222755
3390,0.0
3391,8.923557
3392,12.011612
3393,3.8415127
3394,7.2585907
3395,9.711149
3396,8.939366
3397,7.7224035
3398,6.7819033
3399,3.5294104
3400,10.944336
3401,2.8889947
3402,3.4922922
3403,3.645333
3404,3.5073092
3405,11.630308
3406,4.0643816
3407,14.628458
3408,11.049175
3409,9.918978
3410,5.584978
3411,7.7017136
3412,6.3053885
3413,10.097591
3414,3.6228647
3415,0.0
3416,3.5203142
3417,1.5863352
3418,5.637163
3419,6.64168
3420,4.6800976
3421,3.0786884
3422,3.3317115
3423,7.625928
3424,9.154802
3425,4.9599314
3426,9.277199
3427,2.7482014
3428,6.868627
3429,3.7151303
3430,9.675627
3431,3.3588042
3432,0.0
3433,13.515045
3434,0.0
3435,3.688777
3436,2.8095422
3437,10.831705
3438,3.0546417
3439,7.4528227
3440,4.363412
3441,7.9487453
3442,7.011463
3443,3.8636541
3444,9.405727
3445,8.56296
3446,5.6734543
3447,1.6291087
3448,9.981305
3449,7.458385
3450,2.245807
3451,10.766834
3452,3.7377517
3453,0.0
3454,6.5923347
3455,6.1973763
3456,14.234291
3457,5.2436123
3458,8.9478855
3459,1.9928917
3460,7.717408
3461,5.6017833
3462,10.0510025
3463,11.526752
3464,6.1918664
3465,10.131308
3466,0.0
3467,7.7405453
3468,4.644125
3469,2.8326836
3470,6.3890667
3471,7.3798237
3472,5.0205264
3473,7.4810953
3474,11.086882
3475,7.5921764
3476,5.6784267
3477,4.9948363
3478,9.394482
3479,7.992443
3480,10.397448
3481,0.0
3482,5.2289033
3483,3.5283258
3484,4.1009107
3485,10.710696
3486,10.891687
3487,9.457293
3488,9.666447
3489,8.935341
3490,7.010703
3491,12.736048
3492,12.182438
3493,3.3918214
3494,7.0968714
3495,6.097703
3496,7.7849374
3497,3.224607
3498,8.56057
3499,8.862356
3500,10.126319
3501,7.6020966
3502,13.3162155
3503,4.3533683
3504,10.8881855
3505,3.5734472
3506,6.9772387
3507,5.4012938
3508,6.257699
3509,3.056127
3510,14.633984
3511,3.3268049
3512,0.32953525
3513,4.177271
3514,9.013558
3515,9.761499
3516,7.901898
3517,7.123263
3518,9.750599
3519,10.761492
3520,9.309149
3521,4.528322
3522,10.367136
3523,3.5105786
3524,3.9364512
3525,7.308406
3526,10.455133
3527,7.9413104
3528,8.759916
3529,4.7111926
3530,8.01758
3531,3.255615
3532,0.7602837
3533,9.334301
3534,7.2531934
3535,3.7238922
3536,5.313821
3537,5.326165
3538,5.315674
3539,9.771536
3540,7.0865974
3541,12.582336
3542,3.8123677
3543,10.910151
3544,3.7604206
3545,7.0697074
3546,6.8766665
3547,3.457876
3548,2.3028893
3549,6.884766
3550,5.0211287
3551,9.115749
3552,15.361649
3553,5.8314466
3554,2.3794312
3555,3.6416135
3556,9.524885
3557,3.7478256
3558,9.118432
3559,12.993452
3560,7.630493
3561,11.115458
3562,5.286372
3563,10.840368
3564,9.5054035
3565,7.4163218
3566,9.563122
3567,6.7176948
3568,16.714598
3569,4.9936256
3570,14.093969
3571,11.775278
3572,3.5449204
3573,8.885922
3574,10.967093
3575,0.0
3576,14.231947
3577,0.9528637
3578,1.2793553
3579,5.0783396
3580,5.366724
3581,5.4384074
3582,4.7655296
3583,9.291302
3584,13.352547
3585,8.78343
3586,0.8164723
3587,12.312824
3588,3.8841937
3589,10.3654785
3590,7.81396
3591,8.875309
3592,11.048246
3593,9.285968
3594,7.5799313
3595,7.690981
3596,6.729254
3597,3.7828202
3598,8.858702
3599,3.6869988
3600,4.06235
3601,5.127078
3602,3.2427766
3603,7.7030225
3604,1.8809812
3605,5.510907
3606,4.9045753
3607,3.8787868
3608,8.16836
3609,4.0042458
3610,3.690352
3611,10.595804
3612,6.8628063
3613,11.340904
3614,5.3482943
3615,4.6038136
3616,13.784348
3617,3.4557512
3618,7.6155567
3619,11.111889
3620,13.26881
3621,12.764797
3622,8.437201
3623,1.0526941
3624,7.7946835
3625,3.1781738
3626,9.263685
3627,7.221562
3628,11.742409
3629,12.491295
3630,3.7407558
3631,12.271053
3632,1.1594114
3633,5.50227
3634,10.540409
3635,3.658073
3636,10.655714
3637,7.7305145
3638,7.1831255
3639,5.235378
3640,3.765721
3641,5.5433536
3642,11.732385
3643,0.0
3644,4.7600837
3645,6.6974936
3646,2.7850142
3647,11.883772
3648,4.3304763
3649,12.340485
3650,8.543274
3651,3.4350684
3652,6.214984
3653,2.85252
3654,10.955196
3655,9.280216
3656,7.810557
3657,10.467873
3658,10.595717
3659,6.2199917
3660,9.174194
3661,15.043211
3662,12.155888
3663,6.98794
3664,5.318528
3665,4.0241632
3666,2.0982547
3667,10.483284
3668,10.821726
3669,11.022894
3670,10.116057
3671,10.852617
3672,7.7907
3673,9.016651
3674,0.0
3675,11.100745
3676,4.872798
3677,14.380371
3678,5.8044915
3679,9.465538
3680,9.667027
3681,3.054414
3682,6.6660404
3683,3.2668629
3684,6.552929
3685,6.993616
3686,3.7662623
3687,8.568651
3688,7.6945677
3689,7.8001857
3690,3.3279986
3691,7.8958263
3692,3.616514
3693,3.3369672
3694,6.923546
3695,15.100313
3696,7.008597
3697,3.2873433
3698,3.5499904
3699,4.61078
3700,2.362578
3701,3.1322541
3702,8.942207
3703,3.5012033
3704,9.533695
3705,0.0
3706,4.7140207
3707,11.220181
3708,10.104874
3709,3.59808
3710,8.171579
3711,4.745495
3712,9.508371
3713,11.048822
3714,2.4275756
3715,10.281231
3716,11.548957
3717,6.674717
3718,8.947968
3719,5.988963
3720,9.085706
3721,10.177948
3722,10.265629
3723,4.0654283
3724,1.0934474
3725,7.8521085
3726,7.953981
3727,10.2651005
3728,9.269267
3729,6.121975
3730,3.9726017
3731,3.6358116
3732,5.5344076
3733,10.192764
3734,7.9878483
3735,1.7577951
3736,3.3026774
3737,2.6215699
3738,2.0875585
3739,0.0
3740,3.1660447
3741,8.914015
3742,10.896603
3743,11.2909355
3744,9.762472
3745,3.9393957
3746,10.101166
3747,5.105876
3748,10.041095
3749,12.265762
3750,13.821133
3751,3.6994362
3752,4.8342876
3753,12.133024
3754,3.9690633
3755,6.077548
3756,3.2706308
3757,4.0283084
3758,3.9644265
3759,16.224016
3760,7.78808
3761,9.62064
3762,7.9751806
3763,11.153189
3764,7.87784
3765,7.9607444
3766,6.0200605
3767,4.373341
3768,2.2678766
3769,7.0164714
3770,9.070271
3771,9.7204895
3772,5.486226
3773,9.298962
3774,13.8357315
3775,0.0
3776,9.317665
3777,9.662876
3778,9.237416
3779,13.215933
3780,1.9471478
3781,11.398703
3782,14.03425
3783,12.427286
3784,13.228943
3785,7.9642024
3786,7.6568704
3787,12.432846
3788,2.7857196
3789,7.9787726
3790,11.724564
3791,6.9697847
3792,6.2504044
3793,11.385943
3794,9.244564
3795,6.963016
3796,7.392109
3797,7.9445877
3798,6.99918
3799,11.990562
3800,2.5289512
3801,7.0424194
3802,5.89153
3803,4.758117
3804,2.1757436
3805,3.4832935
3806,8.791901
3807,5.13264
3808,7.1228337
3809,9.744144
3810,11.735362
3811,3.3573728
3812,2.9562
3813,10.928059
3814,8.941744
3815,9.631754
3816,6.212737
3817,1.7408049
3818,2.5388284
3819,9.494715
3820,5.353717
3821,5.150406
3822,5.240156
3823,1.6003952
3824,3.613804
3825,2.1859
3826,8.282452
3827,6.171529
3828,7.518279
3829,11.708899
3830,3.5094922
3831,6.883504
3832,8.649995
3833,2.523364
3834,7.722872
3835,3.1687052
3836,7.7745924
3837,0.28675866
3838,3.3066232
3839,6.352419
3840,10.375536
3841,7.5024657
3842,5.8202114
3843,5.9964404
3844,11.464109
3845,5.4126186
3846,10.573187
3847,8.797867
3848,3.1653893
3849,6.0392127
3850,6.4168053
3851,9.644165
3852,3.337822
3853,2.2678213
3854,1.8382988
3855,6.0961537
3856,4.3741946
3857,3.8301744
3858,2.9905074
3859,2.2301137
3860,3.874393
3861,7.864056
3862,10.392151
3863,3.4421496
3864,11.759329
3865,10.978832
3866,7.9761767
3867,9.928385
3868,3.356143
3869,4.477482
3870,3.8345263
3871,11.24267
3872,3.4971213
3873,9.347702
3874,5.207612
3875,4.634003
3876,6.5615196
3877,12.786694
3878,5.027355
3879,0.25121188
3880,4.632353
3881,3.997756
3882,5.504953
3883,9.332077
3884,5.4047008
3885,3.6460903
3886,2.691306
3887,4.3913765
3888,7.374978
3889,4.019721
3890,3.4906607
3891,3.824978
3892,13.013214
3893,10.769821
3894,10.266434
3895,3.405034
3896,10.606453
3897,8.101877
3898,9.502523
3899,6.2628307
3900,10.238911
3901,14.193609
3902,3.568612
3903,6.45006
3904,12.010126
3905,11.6200485
3906,5.8438053
3907,3.8346426
3908,6.164496
3909,6.1578913
3910,11.591356
3911,6.284666
3912,2.9661098
3913,12.673868
3914,11.335835
3915,9.468723
3916,7.3934164
3917,5.8048744
3918,10.599154
3919,7.3581247
3920,11.010305
3921,9.360741
3922,10.628248
3923,6.261345
3924,5.8555417
3925,7.3637285
3926,2.4677243
3927,0.135046
3928,7.217825
3929,7.163269
3930,5.582882
3931,5.06883
3932,3.4702072
3933,4.0719113
3934,13.648811
3935,6.156703
3936,3.2088046
3937,3.9030852
3938,11.218014
3939,3.597583
3940,9.0704975
3941,4.258574
3942,8.957115
3943,3.3278775
3944,9.923199
3945,2.0579815
3946,0.0
3947,5.388969
3948,6.161735
3949,7.583372
3950,9.913713
3951,13.146591
3952,6.135537
3953,5.4572687
3954,5.097783
3955,2.7255385
3956,2.6546106
3957,6.2589245
3958,5.1359663
3959,5.572652
3960,6.819804
3961,8.172178
3962,3.6722536
3963,5.07133
3964,7.7132344
3965,5.4452763
3966,15.205677
3967,8.64407
3968,6.2041135
3969,0.0
3970,8.883471
3971,11.213138
3972,3.4663508
3973,4.1709704
3974,1.5880508
3975,3.48618
3976,5.6783752
3977,7.588427
3978,6.273314
3979,12.817137
3980,3.5261967
3981,7.3265266
3982,9.19561
3983,9.855738
3984,4.8628187
3985,0.0
3986,0.0
3987,7.2191343
3988,3.309372
3989,5.1295576
3990,12.402679
3991,12.576159
3992,7.1813
3993,8.183596
3994,0.53326297
3995,11.310377
3996,9.176222
3997,13.001621
3998,13.8155
3999,5.4520693
4000,5.4536614
4001,2.1233115
4002,6.161828
4003,6.982744
4004,5.5675616
4005,6.996081
4006,10.079895
4007,1.6284993
4008,0.40674615
4009,7.818861
4010,10.111929
4011,1.3642366
4012,6.007452
4013,6.2012014
4014,14.588476
4015,3.5120246
4016,2.7050343
4017,10.100155
4018,3.475044
4019,10.87849
4020,2.2252257
4021,0.8458731
4022,11.977306
4023,6.1197605
4024,10.7925205
4025,7.345742
4026,6.8071566
4027,4.690683
4028,1.8714745
4029,8.099758
4030,4.648114
4031,7.6146774
4032,7.745774
4033,0.0
4034,7.600728
4035,6.1180754
4036,4.1208415
4037,9.29623
4038,6.8260546
4039,7.4650326
4040,6.1741514
4041,12.115824
4042,8.993991
4043,9.188292
4044,7.3869324
4045,5.04279
4046,9.085051
4047,11.669406
4048,5.4260235
4049,5.4321194
4050,3.5640206
4051,7.7304068
4052,8.36219
4053,9.091542
4054,14.396732
4055,8.875923
4056,5.034294
4057,0.0
4058,2.7106566
4059,8.118053
4060,8.72537
4061,9.300127
4062,11.085651
4063,9.08739
4064,8.368969
4065,7.13348
4066,4.696405
4067,12.1315365
4068,7.2410803
4069,3.9627044
4070,2.4163463
4071,9.993163
4072,0.0
4073,4.578845
4074,3.2926161
4075,9.142824
4076,12.864948
4077,8.08906
4078,5.6120443
4079,13.286886
4080,10.013924
4081,8.8516655
4082,6.3086805
4083,2.9841728
4084,9.143801
4085,2.7689295
4086,3.9895651
4087,3.272006
4088,7.5398216
4089,9.021732
4090,7.598238
4091,14.670605
4092,12.946772
4093,2.863154
4094,3.1338603
4095,6.1321487
4096,7.743623
4097,3.4399586
4098,7.898878
4099,6.1027985
4100,5.176586
4101,0.0
4102,8.473513
4103,9.329678
4104,2.8772178
4105,5.5542345
4106,5.683706
4107,3.9808676
4108,7.0410414
4109,10.316074
4110,3.0600088
4111,9.998589
4112,8.974614
4113,3.4415362
4114,12.396017
4115,5.6045175
4116,4.2543583
4117,10.84219
4118,2.7692094
4119,14.943188
4120,4.197133
4121,3.703534
4122,3.6745262
4123,7.4037647
4124,5.1229115
4125,11.49263
4126,9.315456
4127,7.9938045
4128,7.0527687
4129,8.218737
4130,5.3000326
4131,6.614852
4132,9.439991
4133,7.003998
4134,11.875895
4135,4.008086
4136,7.931127
4137,10.939842
4138,11.569277
4139,6.96725
4140,8.269504
4141,11.338417
4142,10.769625
4143,8.375744
4144,4.0329266
4145,8.764619
4146,5.3621597
4147,6.0348883
4148,4.4037986
4149,8.0404
4150,5.911947
4151,6.978006
4152,8.114237
4153,8.949295
4154,3.4803007
4155,10.684168
4156,12.700609
4157,9.5301075
4158,7.294752
4159,0.26216054
4160,10.282095
4161,8.035058
4162,4.0636077
4163,2.147776
4164,7.8455944
4165,6.230164
4166,6.162771
4167,10.195408
4168,4.820145
4169,10.736677
4170,5.2577047
4171,8.797151
4172,11.145742
4173,3.2473311
4174,10.8999
4175,7.670223
4176,2.9685345
4177,7.3245025
4178,9.1814
4179,5.7583637
4180,4.5507174
4181,3.6415296
4182,3.8744652
4183,6.5740957
4184,5.0486574
4185,13.1502285
4186,8.234096
4187,4.852282
4188,7.2249594
4189,9.323797
4190,4.032222
4191,9.436323
4192,10.242615
4193,6.5982685
4194,12.95495
4195,6.9976883
4196,4.456412
4197,5.2809596
4198,10.170521
4199,10.856028
4200,12.078936
4201,2.277304
4202,4.1639843
4203,12.415842
4204,3.3105495
4205,2.368989
4206,3.8793056
4207,4.634644
4208,5.8003526
4209,12.487593
4210,8.07421
4211,1.6992345
4212,3.2185419
4213,3.3497143
4214,8.509567
4215,0.0
4216,9.369947
4217,8.98292
4218,10.536509
4219,4.505938
4220,0.0
4221,6.063713
4222,0.0
4223,5.9962087
4224,6.217901
4225,0.0
4226,2.7004752
4227,5.565449
4228,6.674899
4229,15.740629
4230,10.978434
4231,11.948601
4232,7.005706
4233,3.994842
4234,7.7451596
4235,13.4657135
4236,0.30826664
4237,4.5022798
4238,10.317627
4239,13.270351
4240,11.235037
4241,12.104639
4242,6.2598853
4243,4.863731
4244,9.212189
4245,3.9420621
4246,9.387062
4247,5.8745904
4248,7.218399
4249,13.922232
4250,9.303947
4251,6.126226
4252,5.124703
4253,9.072045
4254,12.996975
4255,5.697052
4256,4.8028364
4257,8.038386
4258,0.0
4259,10.074242
4260,3.1353793
4261,4.783316
4262,4.1456594
4263,7.73817
4264,9.682096
4265,10.375466
4266,4.8430476
4267,4.06344
4268,7.27689
4269,6.1868567
4270,8.017477
4271,10.917181
4272,4.574093
4273,10.520842
4274,7.4376063
4275,7.147415
4276,11.580231
4277,9.826067
4278,6.69273
4279,9.730026
4280,12.68215
4281,9.13386
4282,3.1207492
4283,4.602264
4284,2.7981997
4285,3.074108
4286,7.7222214
4287,0.0
4288,9.126493
4289,6.5233393
4290,11.681171
4291,3.2968807
4292,7.6139736
4293,3.3062825
4294,9.677853
4295,7.111266
4296,6.576442
4297,11.3288
4298,5.0546556
4299,10.688294
4300,10.005144
4301,13.984007
4302,8.904064
4303,10.601276
4304,12.01124
4305,3.824915
4306,8.0124
4307,10.512842
4308,3.5265932
4309,5.880361
4310,1.0911863
4311,6.0136786
4312,9.847038
4313,3.7121525
4314,3.5723755
4315,11.163921
4316,3.8410103
4317,4.858218
4318,12.523851
4319,6.094403
4320,10.1235485
4321,0.21609902
4322,13.76943
4323,6.448201
4324,9.006414
4325,3.5327902
4326,10.761814
4327,12.293848
4328,3.9230454
4329,6.3898635
4330,10.165213
4331,12.7428875
4332,5.571535
4333,6.3328056
4334,7.9912267
4335,8.988892
4336,3.7493196
4337,8.731033
4338,10.885547
4339,0.23470497
4340,12.0287
4341,9.4277
4342,7.264881
4343,5.8941507
4344,11.220093
4345,7.902755
4346,4.962738
4347,9.232373
4348,8.990129
4349,3.7259731
4350,5.828785
4351,7.388418
4352,3.840466
4353,14.058466
4354,4.5940638
4355,7.440681
4356,6.315545
4357,9.602932
4358,12.469725
4359,4.8124213
4360,8.511795
4361,11.811085
4362,3.6258986
4363,13.179985
4364,7.7593083
4365,5.141805
4366,9.882843
4367,6.0938206
4368,4.998937
4369,7.8088713
4370,12.615477
4371,10.250656
4372,3.9608555
4373,12.335381
4374,11.8512
4375,13.403805
4376,9.005089
4377,5.5024295
4378,5.4214478
4379,5.7220473
4380,11.667358
4381,2.457809
4382,6.9917603
4383,4.461798
4384,2.4877083
4385,5.516507
4386,10.301352
4387,5.7529206
4388,7.221072
4389,9.393421
4390,7.7866163
4391,9.631573
4392,11.288202
4393,4.767231
4394,3.5595236
4395,3.4039767
4396,4.617729
4397,6.253871
4398,6.0212755
4399,3.47274
4400,9.447792
4401,9.326929
4402,3.4572566
4403,8.04238
4404,8.8649025
4405,11.2555275
4406,10.942167
4407,13.895824
4408,6.2588243
4409,5.4786263
4410,2.7044535
4411,2.5281065
4412,2.0207095
4413,11.817081
4414,7.9136815
4415,9.0985985
4416,11.443047
4417,4.660344
4418,10.222816
4419,10.799913
4420,13.286329
4421,7.6640673
4422,3.379425
4423,6.8949833
4424,2.841842
4425,9.101816
4426,5.133166
4427,3.4081511
4428,9.396671
4429,5.4403534
4430,5.787587
4431,10.670845
4432,8.117372
4433,5.0790243
4434,4.4299793
4435,10.095821
4436,6.5516443
4437,3.6685526
4438,5.340241
4439,12.61619
4440,2.374988
4441,5.2100086
4442,15.159025
4443,3.2307458
4444,8.507949
4445,13.365803
4446,1.9194272
4447,9.594168
4448,4.6703615
4449,9.309409
4450,7.8277407
4451,5.2382336
4452,7.0644298
4453,3.2561226
4454,11.830442
4455,6.071702
4456,10.166061
4457,0.0
4458,9.643657
4459,8.870519
4460,6.233018
4461,7.555326
4462,2.8520174
4463,7.9217386
4464,7.5524406
4465,10.3578005
4466,0.0
4467,3.6019156
4468,7.7842293
4469,3.4565365
4470,1.7042246
4471,10.332384
4472,3.405941
4473,9.486027
4474,2.9181745
4475,11.762711
4476,10.158817
4477,3.0381596
4478,6.829933
4479,2.9534988
4480,0.0
4481,3.938321
4482,10.661003
4483,4.8742476
4484,10.747236
4485,3.4661882
4486,3.7991965
4487,11.083153
4488,9.694138
4489,9.436676
4490,7.2832675
4491,9.148081
4492,6.719157
4493,9.908682
4494,9.555754
4495,9.935232
4496,5.3731704
4497,5.430205
4498,5.3981023
4499,8.10563
4500,4.3862543
4501,1.3381271
4502,10.806942
4503,6.230481
4504,9.896795
4505,7.2980013
4506,10.481228
4507,7.855206
4508,5.262011
4509,7.537977
4510,3.6825995
4511,8.982092
4512,4.3996863
4513,6.092012
4514,11.350964
4515,12.617073
4516,7.109101
4517,2.863862
4518,11.353202
4519,8.902286
4520,3.4510298
4521,11.414182
4522,0.0
4523,9.332391
4524,11.687157
4525,2.944859
4526,7.3972306
4527,2.649993
4528,3.520619
4529,0.0
4530,9.242617
4531,3.4071946
4532,16.099325
4533,7.0606585
4534,12.065773
4535,6.121256
4536,6.1787066
4537,4.7813015
4538,7.9391747
4539,1.9252901
4540,7.3912916
4541,9.259585
4542,5.5349464
4543,9.709084
4544,9.205795
4545,9.675653
4546,12.215748
4547,6.2716
4548,8.2325115
4549,8.984079
4550,13.552786
4551,0.0
4552,3.4911387
4553,2.8082843
4554,7.8098297
4555,9.640429
4556,7.167683
4557,7.3864703
4558,7.366623
4559,9.012125
4560,3.6866357
4561,5.003587
4562,8.072274
4563,6.0398226
4564,4.939024
4565,8.48397
4566,12.274229
4567,5.9057617
4568,12.394423
4569,2.9332294
4570,5.6361337
4571,6.19032
4572,5.272752
4573,9.672846
4574,5.0689597
4575,6.536832
4576,8.116557
4577,13.013346
4578,4.96624
4579,6.132283
4580,4.543507
4581,7.8936763
4582,6.274396
4583,0.0
4584,5.469629
4585,7.8190374
4586,10.932948
4587,0.36785865
4588,5.769952
4589,4.698365
4590,7.9802136
4591,10.880071
4592,12.004971
4593,5.063476
4594,10.804476
4595,4.9722195
4596,5.2636986
4597,4.739609
4598,8.111721
4599,4.288073
4600,8.657023
4601,11.116184
4602,7.610785
4603,12.070663
4604,12.41053
4605,8.071348
4606,6.526703
4607,8.938589
4608,6.6196632
4609,11.329633
4610,3.5310602
4611,5.9597216
4612,0.0
4613,5.402115
4614,5.338277
4615,7.2272387
4616,7.659047
4617,10.352926
4618,9.285093
4619,9.570473
4620,0.0
4621,6.1581807
4622,8.898555
4623,4.727481
4624,10.750704
4625,4.5211806
4626,4.0462217
4627,7.60989
4628,10.815673
4629,3.1429472
4630,2.91186
4631,8.029903
4632,5.4309416
4633,4.8209753
4634,10.64266
4635,9.078739
4636,7.254875
4637,10.282089
4638,11.222603
4639,5.805684
4640,4.3275747
4641,4.6045456
4642,0.92683196
4643,3.8993716
4644,5.9898024
4645,8.903148
4646,9.989765
4647,6.2436543
4648,8.656902
4649,5.6373477
4650,4.810014
4651,10.570881
4652,7.342704
4653,5.454225
4654,9.697609
4655,6.827495
4656,11.181881
4657,9.101521
4658,4.647028
4659,6.5623465
4660,10.40318
4661,5.327595
4662,5.058801
4663,6.6747766
4664,3.3057995
4665,3.274949
4666,12.175842
4667,5.643728
4668,6.978708
4669,0.0
4670,6.1388564
4671,5.4404373
4672,5.3149843
4673,12.741987
4674,3.6366334
4675,7.9398594
4676,6.60327
4677,7.903109
4678,2.090159
4679,7.9067435
4680,11.04965
4681,6.66065
4682,4.768923
4683,13.328632
4684,9.111868
4685,10.145792
4686,8.767419
4687,0.6048312
4688,3.5920432
4689,4.4491043
4690,6.88739
4691,2.970257
4692,10.868952
4693,2.6867156
4694,13.613949
4695,11.039139
4696,12.284409
4697,5.246071
4698,4.02777
4699,8.129833
4700,12.663185
4701,10.575941
4702,11.860849
4703,12.2582
4704,8.9592285
4705,3.6850376
4706,8.098753
4707,16.710657
4708,7.858266
4709,10.604942
4710,12.411976
4711,3.5158286
4712,9.702265
4713,10.701847
4714,3.9918408
4715,2.8715463
4716,3.1938875
4717,3.282191
4718,4.9095864
4719,3.4112897
4720,3.4573789
4721,9.241491
4722,5.482201
4723,9.371952
4724,9.016079
4725,3.1036477
4726,9.521257
4727,7.769562
4728,3.9235258
4729,1.2008197
4730,11.332163
4731,3.5290353
4732,9.7451515
4733,6.203968
4734,1.9893584
4735,3.5951226
4736,6.402663
4737,12.675594
4738,5.2222786
4739,14.674723
4740,2.5387402
4741,6.4809284
4742,7.5743237
4743,6.1033764
4744,11.207317
4745,5.352777
4746,4.6404886
4747,5.403375
4748,11.350399
4749,9.142784
4750,7.965935
4751,11.223841
4752,11.420696
4753,0.0
4754,7.998909
4755,11.550074
4756,3.4292312
4757,5.631255
4758,13.113697
4759,9.355732
4760,9.238654
4761,3.5717716
4762,11.288506
4763,9.521473
4764,12.977816
4765,9.656471
4766,12.19766
4767,10.843586
4768,0.0
4769,9.629146
4770,1.3556154
4771,10.070391
4772,8.777582
4773,8.957035
4774,2.6777382
4775,11.045365
4776,5.3495398
4777,12.149776
4778,0.0
4779,12.805946
4780,3.8646886
4781,9.092688
4782,12.801872
4783,1.9404685
4784,10.35428
4785,6.129113
4786,10.580097
4787,4.348608
4788,10.249674
4789,11.992168
4790,4.7728524
4791,2.864163
4792,3.8668423
4793,12.483238
4794,12.017956
4795,9.307772
4796,6.036915
4797,8.087481
4798,13.117123
4799,5.148539
4800,7.9213157
4801,9.641443
4802,5.364678
4803,3.1224458
4804,2.224552
4805,10.503487
4806,9.753214
4807,5.413269
4808,4.5474052
4809,11.024469
4810,2.7381248
4811,6.881215
4812,4.9141674
4813,5.9921665
4814,13.059647
4815,5.172608
4816,7.077444
4817,9.422094
4818,6.574233
4819,8.648447
4820,5.6967006
4821,10.358051
4822,11.086379
4823,12.361755
4824,8.927302
4825,3.993909
4826,10.618367
4827,11.611845
4828,14.188091
4829,5.471961
4830,10.145399
4831,5.030355
4832,4.750583
4833,10.048353
4834,9.036306
4835,7.109558
4836,3.4340427
4837,9.636578
4838,7.5822086
4839,10.895735
4840,3.1416464
4841,10.380711
4842,3.1392684
4843,6.50694
4844,5.9140363
4845,12.457781
4846,5.7681246
4847,12.42058
4848,5.3902664
4849,4.581442
4850,10.622388
4851,1.1932023
4852,6.958393
4853,3.4544137
4854,7.273673
4855,7.830125
4856,4.8679404
4857,0.0
4858,3.7115169
4859,6.1119356
4860,9.033321
4861,9.942354
4862,7.758586
4863,7.4236984
4864,8.083777
4865,2.9149973
4866,5.145429
4867,9.897362
4868,12.285545
4869,5.636875
4870,7.473017
4871,2.716883
4872,13.5774555
4873,0.0
4874,11.5754795
4875,5.767151
4876,7.8643045
4877,6.1655965
4878,7.0864477
4879,3.1332545
4880,3.1194608
4881,7.8880367
4882,6.0803213
4883,2.6184933
4884,1.575125
4885,7.156828
4886,8.881924
4887,10.847254
4888,2.5127146
4889,12.595718
4890,10.939714
4891,11.869471
4892,3.2633474
4893,5.9269657
4894,11.438451
4895,0.0
4896,3.613113
4897,7.667377
4898,3.2233753
4899,9.594
4900,6.4760065
4901,5.7507815
4902,11.716404
4903,13.648998
4904,9.599533
4905,10.593255
4906,5.2514725
4907,12.182432
4908,0.0
4909,11.103313
4910,3.3432324
4911,5.583763
4912,2.6419725
4913,9.9135685
4914,13.222239
4915,7.8043866
4916,8.880112
4917,15.44232
4918,5.7454014
4919,5.4817467
4920,3.8482828
4921,14.414722
4922,8.069249
4923,1.8405378
4924,2.056108
4925,2.520801
4926,3.6769826
4927,5.0703793
4928,9.167204
4929,3.4246106
4930,13.891592
4931,10.161104
4932,5.4895067
4933,7.308157
4934,8.589434
4935,5.2383723
4936,5.861151
4937,5.1364317
4938,4.853415
4939,5.254853
4940,5.4708533
4941,10.227869
4942,7.71618
4943,9.343353
4944,5.792046
4945,3.6117134
4946,7.5461035
4947,5.5894547
4948,5.4401083
4949,10.640163
4950,10.138506
4951,7.136977
4952,10.701784
4953,4.1175117
4954,11.978952
4955,24.577578
4956,11.734182
4957,4.7029724
4958,3.5406399
4959,6.977434
4960,7.840107
4961,4.7738905
4962,9.053673
4963,12.567472
4964,2.72782
4965,4.8863826
4966,11.4950285
4967,3.9941995
4968,8.793247
4969,15.675253
4970,9.130117
4971,6.72526
4972,2.7126904
4973,11.265982
4974,1.253289
4975,10.279419
4976,2.932487
4977,2.804168
4978,10.388655
4979,3.314209
4980,4.3176575
4981,9.113308
4982,4.8768525
4983,9.425369
4984,7.009412
4985,11.809765
4986,7.705392
4987,0.0
4988,3.582116
4989,10.720079
4990,3.554468
4991,12.99822
4992,2.0801983
4993,11.8028965
4994,5.7972
4995,0.8681624
4996,9.632765
4997,9.190933
4998,7.4719243
4999,4.1334043
5000,6.690593
5001,4.8191113
5002,7.2434545
5003,9.664572
5004,3.7290075
5005,8.239084
5006,8.9939785
5007,10.029285
5008,7.7434244
5009,7.501409
5010,8.238591
5011,7.7198935
5012,12.557602
5013,9.078896
5014,5.618083
5015,4.996439
5016,5.5866184
5017,6.6175513
5018,11.991869
5019,9.10544
5020,7.669094
5021,9.059077
5022,11.399641
5023,13.174051
5024,9.298069
5025,7.673238
5026,10.952576
5027,2.6170611
5028,6.310885
5029,0.0
5030,7.594439
5031,2.5285175
5032,7.190142
5033,9.2613735
5034,6.220633
5035,6.178178
5036,9.01614
5037,7.2108307
5038,5.712284
5039,6.064466
5040,3.321258
5041,4.830316
5042,4.449569
5043,0.0
5044,6.154903
5045,2.4804664
5046,6.7792416
5047,0.0
5048,7.8411264
5049,13.748312
5050,5.2466736
5051,7.6999016
5052,6.4869175
5053,5.5400467
5054,9.199621
5055,5.557668
5056,6.5100274
5057,8.881884
5058,2.21207
5059,12.450863
5060,0.0
5061,4.642834
5062,7.2230883
5063,6.4030905
5064,6.117733
5065,10.578396
5066,10.9515705
5067,9.343771
5068,8.857178
5069,5.4257965
5070,6.728503
5071,6.8385887
5072,10.974335
5073,2.7547982
5074,5.9326124
5075,1.2774615
5076,11.794279
5077,8.192846
5078,11.730308
5079,7.85157
5080,8.419216
5081,8.609154
5082,5.9350615
5083,6.8955107
5084,15.576143
5085,6.2816453
5086,9.579369
5087,5.3898444
5088,11.085117
5089,6.4670568
5090,0.0
5091,2.44824
5092,7.728899
5093,8.784729
5094,10.085836
5095,9.146667
5096,5.4457784
5097,10.872135
5098,2.9170718
5099,4.833945
5100,9.757292
5101,6.2197914
5102,2.233801
5103,4.6687837
5104,8.981354
5105,4.2979765
5106,6.182373
5107,9.291767
5108,4.968749
5109,9.257492
5110,2.5497923
5111,13.747162
5112,6.077873
5113,7.2180586
5114,7.0469074
5115,9.2896805
5116,10.741547
5117,8.121908
5118,2.3485608
5119,3.791341
5120,4.1164503
5121,3.3900425
5122,5.9246907
5123,6.4919376
5124,10.325188
5125,10.243824
5126,7.781698
5127,0.2173202
5128,4.992773
5129,0.0
5130,7.978389
5131,9.641264
5132,10.9283905
5133,8.800073
5134,7.520422
5135,6.34311
5136,6.18698
5137,9.310938
5138,10.819023
5139,15.544823
5140,5.2414494
5141,6.5744786
5142,5.3616743
5143,3.725213
5144,4.8820963
5145,12.757479
5146,7.8092394
5147,9.076647
5148,7.67123
5149,6.0634947
5150,7.7943
5151,7.0251384
5152,8.98004
5153,7.840991
5154,5.4193892
5155,10.718775
5156,0.3338673
5157,5.2407346
5158,4.2423625
5159,10.308065
5160,3.619874
5161,6.0219946
5162,3.9951239
5163,6.2079735
5164,5.2524347
5165,4.021375
5166,7.3616524
5167,6.28436
5168,6.070427
5169,12.15102
5170,2.5514073
5171,10.287678
5172,12.949579
5173,9.316728
5174,3.2635696
5175,12.3751335
5176,12.062578
5177,8.794441
5178,11.297329
5179,0.0
5180,10.282267
5181,5.4468064
5182,10.9037
5183,5.4023404
5184,6.2464943
5185,3.4196894
5186,12.845581
5187,2.5102255
5188,6.502751
5189,7.1895227
5190,3.324669
5191,0.0
5192,7.4699526
5193,9.044792
5194,7.8766108
5195,7.8952494
5196,11.542322
5197,7.6646953
5198,2.4031463
5199,5.595139
5200,6.6410275
5201,12.141256
5202,5.8611865
5203,9.733341
5204,10.944268
5205,5.457332
5206,2.9822314
5207,9.665236
5208,9.200997
5209,4.1554284
5210,9.214155
5211,6.5622125
5212,7.195146
5213,2.9611907
5214,6.2487373
5215,10.032862
5216,5.3949385
5217,6.992676
5218,8.949455
